block,floor,stack,size,price
95A,#19,526,93 sqm,"$607,100"
95A,#19,528,93 sqm,"$607,100"
95A,#18,526,93 sqm,"$607,100"
95A,#18,528,93 sqm,"$607,100"
95A,#17,526,93 sqm,"$604,700"
95A,#17,528,93 sqm,"$604,700"
95A,#16,526,93 sqm,"$602,300"
95A,#16,528,93 sqm,"$602,300"
95A,#15,522,93 sqm,"$597,500"
95A,#15,524,93 sqm,"$597,500"
95A,#15,526,93 sqm,"$599,900"
95A,#15,528,93 sqm,"$599,900"
95A,#14,522,93 sqm,"$597,500"
95A,#14,524,93 sqm,"$597,500"
95A,#14,526,93 sqm,"$597,500"
95A,#14,528,93 sqm,"$597,500"
95A,#13,522,93 sqm,"$595,100"
95A,#13,524,93 sqm,"$595,100"
95A,#13,526,93 sqm,"$595,100"
95A,#13,528,93 sqm,"$595,100"
95A,#12,522,93 sqm,"$592,700"
95A,#12,524,93 sqm,"$592,700"
95A,#12,526,93 sqm,"$592,700"
95A,#12,528,93 sqm,"$592,700"
95A,#11,522,93 sqm,"$590,300"
95A,#11,524,93 sqm,"$590,300"
95A,#11,526,93 sqm,"$590,300"
95A,#11,528,93 sqm,"$590,300"
95A,#10,522,93 sqm,"$587,900"
95A,#10,524,93 sqm,"$587,900"
95A,#10,526,93 sqm,"$587,900"
95A,#10,528,93 sqm,"$587,900"
95A,#09,522,93 sqm,"$585,500"
95A,#09,524,93 sqm,"$585,500"
95A,#09,526,93 sqm,"$585,500"
95A,#09,528,93 sqm,"$585,500"
95A,#08,522,93 sqm,"$583,100"
95A,#08,524,93 sqm,"$583,100"
95A,#08,526,93 sqm,"$583,100"
95A,#08,528,93 sqm,"$583,100"
95A,#07,522,93 sqm,"$577,000"
95A,#07,524,93 sqm,"$577,000"
95A,#07,526,93 sqm,"$577,000"
95A,#07,528,93 sqm,"$577,000"
95A,#06,522,93 sqm,"$570,900"
95A,#06,524,93 sqm,"$570,900"
95A,#06,526,93 sqm,"$570,900"
95A,#06,528,93 sqm,"$570,900"
95A,#05,522,93 sqm,"$564,800"
95A,#05,524,93 sqm,"$564,800"
95A,#05,526,93 sqm,"$564,800"
95A,#05,528,93 sqm,"$564,800"
95A,#04,522,93 sqm,"$555,600"
95A,#04,524,93 sqm,"$549,500"
95A,#04,526,93 sqm,"$549,500"
95A,#04,528,93 sqm,"$555,600"
95A,#03,522,93 sqm,"$546,400"
95A,#03,524,93 sqm,"$534,200"
95A,#03,526,93 sqm,"$534,200"
95A,#03,528,93 sqm,"$546,400"
95A,#02,522,93 sqm,"$537,200"
95A,#02,524,93 sqm,"$525,000"
95A,#02,526,93 sqm,"$525,000"
95A,#02,528,93 sqm,"$525,000"
95B,#19,550,93 sqm,"$607,100"
95B,#19,552,93 sqm,"$607,100"
95B,#19,554,93 sqm,"$607,100"
95B,#19,556,93 sqm,"$607,100"
95B,#18,550,93 sqm,"$607,100"
95B,#18,552,93 sqm,"$607,100"
95B,#18,554,93 sqm,"$607,100"
95B,#18,556,93 sqm,"$607,100"
95B,#17,550,93 sqm,"$604,700"
95B,#17,552,93 sqm,"$604,700"
95B,#17,554,93 sqm,"$604,700"
95B,#17,556,93 sqm,"$604,700"
95B,#16,550,93 sqm,"$602,300"
95B,#16,552,93 sqm,"$602,300"
95B,#16,554,93 sqm,"$602,300"
95B,#16,556,93 sqm,"$596,200"
95B,#15,550,93 sqm,"$599,900"
95B,#15,552,93 sqm,"$599,900"
95B,#15,554,93 sqm,"$599,900"
95B,#15,556,93 sqm,"$593,800"
95B,#14,550,93 sqm,"$597,500"
95B,#14,552,93 sqm,"$597,500"
95B,#14,554,93 sqm,"$597,500"
95B,#14,556,93 sqm,"$591,400"
95B,#13,550,93 sqm,"$595,100"
95B,#13,552,93 sqm,"$595,100"
95B,#13,554,93 sqm,"$595,100"
95B,#13,556,93 sqm,"$589,000"
95B,#12,550,93 sqm,"$592,700"
95B,#12,552,93 sqm,"$592,700"
95B,#12,554,93 sqm,"$592,700"
95B,#12,556,93 sqm,"$586,600"
95B,#11,550,93 sqm,"$590,300"
95B,#11,552,93 sqm,"$590,300"
95B,#11,554,93 sqm,"$590,300"
95B,#11,556,93 sqm,"$584,200"
95B,#10,550,93 sqm,"$587,900"
95B,#10,552,93 sqm,"$587,900"
95B,#10,554,93 sqm,"$587,900"
95B,#10,556,93 sqm,"$581,800"
95B,#09,550,93 sqm,"$585,500"
95B,#09,552,93 sqm,"$585,500"
95B,#09,554,93 sqm,"$585,500"
95B,#09,556,93 sqm,"$579,400"
95B,#08,550,93 sqm,"$583,100"
95B,#08,552,93 sqm,"$583,100"
95B,#08,554,93 sqm,"$583,100"
95B,#08,556,93 sqm,"$577,000"
95B,#07,550,93 sqm,"$577,000"
95B,#07,552,93 sqm,"$577,000"
95B,#07,554,93 sqm,"$577,000"
95B,#07,556,93 sqm,"$570,900"
95B,#06,550,93 sqm,"$570,900"
95B,#06,552,93 sqm,"$570,900"
95B,#06,554,93 sqm,"$570,900"
95B,#06,556,93 sqm,"$564,800"
95B,#05,550,93 sqm,"$564,800"
95B,#05,552,93 sqm,"$564,800"
95B,#05,554,93 sqm,"$564,800"
95B,#05,556,93 sqm,"$558,700"
95B,#04,550,93 sqm,"$555,600"
95B,#04,552,93 sqm,"$549,500"
95B,#04,554,93 sqm,"$549,500"
95B,#04,556,93 sqm,"$549,500"
95B,#03,550,93 sqm,"$546,400"
95B,#03,552,93 sqm,"$534,200"
95B,#03,554,93 sqm,"$534,200"
95B,#03,556,93 sqm,"$540,300"
95B,#02,550,93 sqm,"$525,000"
95B,#02,552,93 sqm,"$525,000"
95C,#19,558,93 sqm,"$625,400"
95C,#19,560,93 sqm,"$625,400"
95C,#19,562,93 sqm,"$625,400"
95C,#19,564,93 sqm,"$613,200"
95C,#19,566,93 sqm,"$613,200"
95C,#19,568,93 sqm,"$613,200"
95C,#19,570,93 sqm,"$613,200"
95C,#19,572,93 sqm,"$613,200"
95C,#19,574,93 sqm,"$613,200"
95C,#18,558,93 sqm,"$625,400"
95C,#18,560,93 sqm,"$625,400"
95C,#18,562,93 sqm,"$625,400"
95C,#18,564,93 sqm,"$613,200"
95C,#18,566,93 sqm,"$613,200"
95C,#18,568,93 sqm,"$613,200"
95C,#18,570,93 sqm,"$613,200"
95C,#18,572,93 sqm,"$613,200"
95C,#18,574,93 sqm,"$613,200"
95C,#17,558,93 sqm,"$623,000"
95C,#17,560,93 sqm,"$623,000"
95C,#17,562,93 sqm,"$623,000"
95C,#17,564,93 sqm,"$610,800"
95C,#17,566,93 sqm,"$610,800"
95C,#17,568,93 sqm,"$610,800"
95C,#17,570,93 sqm,"$610,800"
95C,#17,572,93 sqm,"$610,800"
95C,#17,574,93 sqm,"$610,800"
95C,#16,558,93 sqm,"$620,600"
95C,#16,560,93 sqm,"$620,600"
95C,#16,562,93 sqm,"$620,600"
95C,#16,564,93 sqm,"$608,400"
95C,#16,566,93 sqm,"$608,400"
95C,#16,568,93 sqm,"$608,400"
95C,#16,570,93 sqm,"$608,400"
95C,#16,572,93 sqm,"$608,400"
95C,#16,574,93 sqm,"$608,400"
95C,#15,558,93 sqm,"$612,100"
95C,#15,560,93 sqm,"$612,100"
95C,#15,562,93 sqm,"$612,100"
95C,#15,564,93 sqm,"$599,900"
95C,#15,566,93 sqm,"$599,900"
95C,#15,568,93 sqm,"$599,900"
95C,#15,570,93 sqm,"$599,900"
95C,#15,572,93 sqm,"$599,900"
95C,#15,574,93 sqm,"$599,900"
95C,#15,576,93 sqm,"$597,500"
95C,#15,578,93 sqm,"$597,500"
95C,#14,558,93 sqm,"$609,700"
95C,#14,560,93 sqm,"$609,700"
95C,#14,562,93 sqm,"$609,700"
95C,#14,564,93 sqm,"$597,500"
95C,#14,566,93 sqm,"$597,500"
95C,#14,568,93 sqm,"$597,500"
95C,#14,570,93 sqm,"$597,500"
95C,#14,572,93 sqm,"$597,500"
95C,#14,574,93 sqm,"$597,500"
95C,#14,576,93 sqm,"$597,500"
95C,#14,578,93 sqm,"$597,500"
95C,#13,558,93 sqm,"$607,300"
95C,#13,560,93 sqm,"$607,300"
95C,#13,562,93 sqm,"$607,300"
95C,#13,564,93 sqm,"$595,100"
95C,#13,566,93 sqm,"$595,100"
95C,#13,568,93 sqm,"$595,100"
95C,#13,570,93 sqm,"$595,100"
95C,#13,572,93 sqm,"$595,100"
95C,#13,574,93 sqm,"$595,100"
95C,#13,576,93 sqm,"$595,100"
95C,#13,578,93 sqm,"$595,100"
95C,#12,558,93 sqm,"$598,800"
95C,#12,560,93 sqm,"$598,800"
95C,#12,562,93 sqm,"$598,800"
95C,#12,564,93 sqm,"$592,700"
95C,#12,566,93 sqm,"$592,700"
95C,#12,568,93 sqm,"$592,700"
95C,#12,570,93 sqm,"$592,700"
95C,#12,572,93 sqm,"$592,700"
95C,#12,574,93 sqm,"$592,700"
95C,#12,576,93 sqm,"$592,700"
95C,#12,578,93 sqm,"$592,700"
95C,#11,558,93 sqm,"$590,300"
95C,#11,560,93 sqm,"$590,300"
95C,#11,562,93 sqm,"$590,300"
95C,#11,564,93 sqm,"$590,300"
95C,#11,566,93 sqm,"$590,300"
95C,#11,568,93 sqm,"$590,300"
95C,#11,570,93 sqm,"$590,300"
95C,#11,572,93 sqm,"$590,300"
95C,#11,574,93 sqm,"$590,300"
95C,#11,576,93 sqm,"$590,300"
95C,#11,578,93 sqm,"$590,300"
95C,#10,558,93 sqm,"$575,700"
95C,#10,560,93 sqm,"$575,700"
95C,#10,562,93 sqm,"$587,900"
95C,#10,564,93 sqm,"$587,900"
95C,#10,566,93 sqm,"$587,900"
95C,#10,568,93 sqm,"$587,900"
95C,#10,570,93 sqm,"$587,900"
95C,#10,572,93 sqm,"$587,900"
95C,#10,574,93 sqm,"$587,900"
95C,#10,576,93 sqm,"$587,900"
95C,#10,578,93 sqm,"$587,900"
95C,#09,558,93 sqm,"$573,300"
95C,#09,560,93 sqm,"$573,300"
95C,#09,562,93 sqm,"$585,500"
95C,#09,564,93 sqm,"$585,500"
95C,#09,566,93 sqm,"$585,500"
95C,#09,568,93 sqm,"$585,500"
95C,#09,570,93 sqm,"$585,500"
95C,#09,572,93 sqm,"$585,500"
95C,#09,574,93 sqm,"$585,500"
95C,#09,576,93 sqm,"$585,500"
95C,#09,578,93 sqm,"$585,500"
95C,#08,558,93 sqm,"$570,900"
95C,#08,560,93 sqm,"$570,900"
95C,#08,562,93 sqm,"$570,900"
95C,#08,564,93 sqm,"$583,100"
95C,#08,566,93 sqm,"$583,100"
95C,#08,568,93 sqm,"$583,100"
95C,#08,570,93 sqm,"$583,100"
95C,#08,572,93 sqm,"$583,100"
95C,#08,574,93 sqm,"$583,100"
95C,#08,576,93 sqm,"$583,100"
95C,#08,578,93 sqm,"$583,100"
95C,#07,558,93 sqm,"$552,600"
95C,#07,560,93 sqm,"$552,600"
95C,#07,562,93 sqm,"$552,600"
95C,#07,564,93 sqm,"$577,000"
95C,#07,566,93 sqm,"$577,000"
95C,#07,568,93 sqm,"$577,000"
95C,#07,570,93 sqm,"$577,000"
95C,#07,572,93 sqm,"$577,000"
95C,#07,574,93 sqm,"$577,000"
95C,#07,576,93 sqm,"$577,000"
95C,#07,578,93 sqm,"$577,000"
95C,#06,558,93 sqm,"$534,300"
95C,#06,560,93 sqm,"$534,300"
95C,#06,562,93 sqm,"$534,300"
95C,#06,564,93 sqm,"$570,900"
95C,#06,566,93 sqm,"$570,900"
95C,#06,568,93 sqm,"$570,900"
95C,#06,570,93 sqm,"$570,900"
95C,#06,572,93 sqm,"$570,900"
95C,#06,574,93 sqm,"$570,900"
95C,#06,576,93 sqm,"$570,900"
95C,#06,578,93 sqm,"$570,900"
95C,#05,558,93 sqm,"$528,200"
95C,#05,560,93 sqm,"$528,200"
95C,#05,562,93 sqm,"$528,200"
95C,#05,564,93 sqm,"$564,800"
95C,#05,566,93 sqm,"$564,800"
95C,#05,568,93 sqm,"$564,800"
95C,#05,570,93 sqm,"$564,800"
95C,#05,572,93 sqm,"$564,800"
95C,#05,574,93 sqm,"$564,800"
95C,#05,576,93 sqm,"$564,800"
95C,#05,578,93 sqm,"$564,800"
95C,#04,558,93 sqm,"$512,900"
95C,#04,560,93 sqm,"$519,000"
95C,#04,562,93 sqm,"$519,000"
95C,#04,564,93 sqm,"$555,600"
95C,#04,566,93 sqm,"$555,600"
95C,#04,568,93 sqm,"$555,600"
95C,#04,570,93 sqm,"$555,600"
95C,#04,572,93 sqm,"$555,600"
95C,#04,574,93 sqm,"$555,600"
95C,#04,576,93 sqm,"$555,600"
95C,#04,578,93 sqm,"$549,500"
95C,#03,558,93 sqm,"$497,600"
95C,#03,560,93 sqm,"$509,800"
95C,#03,562,93 sqm,"$509,800"
95C,#03,564,93 sqm,"$546,400"
95C,#03,566,93 sqm,"$546,400"
95C,#03,568,93 sqm,"$546,400"
95C,#03,570,93 sqm,"$546,400"
95C,#03,572,93 sqm,"$546,400"
95C,#03,574,93 sqm,"$546,400"
95C,#03,576,93 sqm,"$546,400"
95C,#03,578,93 sqm,"$534,200"
95C,#02,558,93 sqm,"$488,400"
95C,#02,560,93 sqm,"$500,600"
95C,#02,562,93 sqm,"$500,600"
95C,#02,564,93 sqm,"$537,200"
95C,#02,566,93 sqm,"$537,200"
95C,#02,568,93 sqm,"$537,200"
95C,#02,570,93 sqm,"$537,200"
95C,#02,572,93 sqm,"$537,200"
95C,#02,574,93 sqm,"$537,200"
97A,#19,580,93 sqm,"$613,200"
97A,#19,582,93 sqm,"$613,200"
97A,#19,588,93 sqm,"$613,200"
97A,#19,590,93 sqm,"$613,200"
97A,#19,592,93 sqm,"$625,400"
97A,#19,594,93 sqm,"$625,400"
97A,#19,596,93 sqm,"$613,200"
97A,#19,598,93 sqm,"$613,200"
97A,#19,600,93 sqm,"$613,200"
97A,#18,580,93 sqm,"$613,200"
97A,#18,582,93 sqm,"$613,200"
97A,#18,588,93 sqm,"$613,200"
97A,#18,590,93 sqm,"$613,200"
97A,#18,592,93 sqm,"$625,400"
97A,#18,594,93 sqm,"$625,400"
97A,#18,596,93 sqm,"$613,200"
97A,#18,598,93 sqm,"$613,200"
97A,#18,600,93 sqm,"$613,200"
97A,#17,580,93 sqm,"$610,800"
97A,#17,582,93 sqm,"$610,800"
97A,#17,588,93 sqm,"$610,800"
97A,#17,590,93 sqm,"$610,800"
97A,#17,592,93 sqm,"$623,000"
97A,#17,594,93 sqm,"$623,000"
97A,#17,596,93 sqm,"$610,800"
97A,#17,598,93 sqm,"$610,800"
97A,#17,600,93 sqm,"$610,800"
97A,#16,580,93 sqm,"$608,400"
97A,#16,582,93 sqm,"$608,400"
97A,#16,588,93 sqm,"$608,400"
97A,#16,590,93 sqm,"$608,400"
97A,#16,592,93 sqm,"$620,600"
97A,#16,594,93 sqm,"$620,600"
97A,#16,596,93 sqm,"$608,400"
97A,#16,598,93 sqm,"$608,400"
97A,#16,600,93 sqm,"$608,400"
97A,#15,580,93 sqm,"$599,900"
97A,#15,582,93 sqm,"$599,900"
97A,#15,584,93 sqm,"$597,500"
97A,#15,586,93 sqm,"$597,500"
97A,#15,588,93 sqm,"$599,900"
97A,#15,590,93 sqm,"$599,900"
97A,#15,592,93 sqm,"$612,100"
97A,#15,594,93 sqm,"$612,100"
97A,#15,596,93 sqm,"$599,900"
97A,#15,598,93 sqm,"$599,900"
97A,#15,600,93 sqm,"$599,900"
97A,#14,580,93 sqm,"$597,500"
97A,#14,582,93 sqm,"$597,500"
97A,#14,584,93 sqm,"$597,500"
97A,#14,586,93 sqm,"$597,500"
97A,#14,588,93 sqm,"$597,500"
97A,#14,590,93 sqm,"$597,500"
97A,#14,592,93 sqm,"$609,700"
97A,#14,594,93 sqm,"$609,700"
97A,#14,596,93 sqm,"$597,500"
97A,#14,598,93 sqm,"$597,500"
97A,#14,600,93 sqm,"$597,500"
97A,#13,580,93 sqm,"$595,100"
97A,#13,582,93 sqm,"$595,100"
97A,#13,584,93 sqm,"$595,100"
97A,#13,586,93 sqm,"$595,100"
97A,#13,588,93 sqm,"$595,100"
97A,#13,590,93 sqm,"$595,100"
97A,#13,592,93 sqm,"$607,300"
97A,#13,594,93 sqm,"$607,300"
97A,#13,596,93 sqm,"$595,100"
97A,#13,598,93 sqm,"$595,100"
97A,#13,600,93 sqm,"$595,100"
97A,#12,580,93 sqm,"$592,700"
97A,#12,582,93 sqm,"$592,700"
97A,#12,584,93 sqm,"$592,700"
97A,#12,586,93 sqm,"$592,700"
97A,#12,588,93 sqm,"$592,700"
97A,#12,590,93 sqm,"$592,700"
97A,#12,592,93 sqm,"$598,800"
97A,#12,594,93 sqm,"$598,800"
97A,#12,596,93 sqm,"$592,700"
97A,#12,598,93 sqm,"$592,700"
97A,#12,600,93 sqm,"$592,700"
97A,#11,580,93 sqm,"$590,300"
97A,#11,582,93 sqm,"$590,300"
97A,#11,584,93 sqm,"$590,300"
97A,#11,586,93 sqm,"$590,300"
97A,#11,588,93 sqm,"$590,300"
97A,#11,590,93 sqm,"$590,300"
97A,#11,592,93 sqm,"$590,300"
97A,#11,594,93 sqm,"$590,300"
97A,#11,596,93 sqm,"$590,300"
97A,#11,598,93 sqm,"$590,300"
97A,#11,600,93 sqm,"$590,300"
97A,#10,580,93 sqm,"$587,900"
97A,#10,582,93 sqm,"$587,900"
97A,#10,584,93 sqm,"$587,900"
97A,#10,586,93 sqm,"$587,900"
97A,#10,588,93 sqm,"$587,900"
97A,#10,590,93 sqm,"$587,900"
97A,#10,592,93 sqm,"$587,900"
97A,#10,594,93 sqm,"$587,900"
97A,#10,596,93 sqm,"$587,900"
97A,#10,598,93 sqm,"$587,900"
97A,#10,600,93 sqm,"$587,900"
97A,#09,580,93 sqm,"$585,500"
97A,#09,582,93 sqm,"$585,500"
97A,#09,584,93 sqm,"$585,500"
97A,#09,586,93 sqm,"$585,500"
97A,#09,588,93 sqm,"$585,500"
97A,#09,592,93 sqm,"$585,500"
97A,#09,594,93 sqm,"$585,500"
97A,#09,596,93 sqm,"$585,500"
97A,#09,598,93 sqm,"$585,500"
97A,#09,600,93 sqm,"$585,500"
97A,#08,580,93 sqm,"$583,100"
97A,#08,582,93 sqm,"$583,100"
97A,#08,584,93 sqm,"$583,100"
97A,#08,586,93 sqm,"$583,100"
97A,#08,588,93 sqm,"$583,100"
97A,#08,590,93 sqm,"$583,100"
97A,#08,592,93 sqm,"$570,900"
97A,#08,594,93 sqm,"$570,900"
97A,#08,596,93 sqm,"$583,100"
97A,#08,598,93 sqm,"$583,100"
97A,#08,600,93 sqm,"$583,100"
97A,#07,580,93 sqm,"$577,000"
97A,#07,582,93 sqm,"$577,000"
97A,#07,584,93 sqm,"$577,000"
97A,#07,586,93 sqm,"$577,000"
97A,#07,588,93 sqm,"$577,000"
97A,#07,590,93 sqm,"$577,000"
97A,#07,592,93 sqm,"$552,600"
97A,#07,594,93 sqm,"$552,600"
97A,#07,596,93 sqm,"$577,000"
97A,#07,598,93 sqm,"$577,000"
97A,#07,600,93 sqm,"$577,000"
97A,#06,580,93 sqm,"$570,900"
97A,#06,582,93 sqm,"$570,900"
97A,#06,584,93 sqm,"$570,900"
97A,#06,586,93 sqm,"$570,900"
97A,#06,588,93 sqm,"$570,900"
97A,#06,590,93 sqm,"$570,900"
97A,#06,592,93 sqm,"$534,300"
97A,#06,594,93 sqm,"$534,300"
97A,#06,596,93 sqm,"$570,900"
97A,#06,598,93 sqm,"$570,900"
97A,#06,600,93 sqm,"$570,900"
97A,#05,580,93 sqm,"$564,800"
97A,#05,582,93 sqm,"$564,800"
97A,#05,584,93 sqm,"$564,800"
97A,#05,586,93 sqm,"$564,800"
97A,#05,588,93 sqm,"$564,800"
97A,#05,590,93 sqm,"$564,800"
97A,#05,592,93 sqm,"$528,200"
97A,#05,594,93 sqm,"$528,200"
97A,#05,596,93 sqm,"$564,800"
97A,#05,598,93 sqm,"$564,800"
97A,#05,600,93 sqm,"$564,800"
97A,#04,580,93 sqm,"$555,600"
97A,#04,582,93 sqm,"$549,500"
97A,#04,584,93 sqm,"$549,500"
97A,#04,586,93 sqm,"$555,600"
97A,#04,588,93 sqm,"$555,600"
97A,#04,590,93 sqm,"$555,600"
97A,#04,592,93 sqm,"$512,900"
97A,#04,594,93 sqm,"$512,900"
97A,#04,596,93 sqm,"$555,600"
97A,#04,598,93 sqm,"$555,600"
97A,#04,600,93 sqm,"$555,600"
97A,#03,580,93 sqm,"$546,400"
97A,#03,582,93 sqm,"$534,200"
97A,#03,584,93 sqm,"$534,200"
97A,#03,586,93 sqm,"$546,400"
97A,#03,588,93 sqm,"$546,400"
97A,#03,590,93 sqm,"$546,400"
97A,#03,592,93 sqm,"$497,600"
97A,#03,594,93 sqm,"$497,600"
97A,#03,596,93 sqm,"$546,400"
97A,#03,598,93 sqm,"$546,400"
97A,#03,600,93 sqm,"$546,400"
97A,#02,580,93 sqm,"$537,200"
97A,#02,582,93 sqm,"$512,800"
97A,#02,584,93 sqm,"$525,000"
97A,#02,586,93 sqm,"$537,200"
97A,#02,588,93 sqm,"$537,200"
97A,#02,590,93 sqm,"$537,200"
97A,#02,592,93 sqm,"$488,400"
97A,#02,594,93 sqm,"$488,400"
97A,#02,596,93 sqm,"$537,200"
97A,#02,598,93 sqm,"$537,200"
97A,#02,600,93 sqm,"$537,200"
97B,#19,602,93 sqm,"$613,200"
97B,#19,604,93 sqm,"$613,200"
97B,#19,606,93 sqm,"$613,200"
97B,#19,608,93 sqm,"$613,200"
97B,#19,610,93 sqm,"$613,200"
97B,#19,612,93 sqm,"$613,200"
97B,#19,618,93 sqm,"$613,200"
97B,#19,620,93 sqm,"$613,200"
97B,#18,602,93 sqm,"$613,200"
97B,#18,604,93 sqm,"$613,200"
97B,#18,606,93 sqm,"$613,200"
97B,#18,608,93 sqm,"$613,200"
97B,#18,610,93 sqm,"$613,200"
97B,#18,612,93 sqm,"$613,200"
97B,#18,618,93 sqm,"$613,200"
97B,#18,620,93 sqm,"$613,200"
97B,#17,602,93 sqm,"$610,800"
97B,#17,604,93 sqm,"$610,800"
97B,#17,606,93 sqm,"$610,800"
97B,#17,608,93 sqm,"$610,800"
97B,#17,610,93 sqm,"$610,800"
97B,#17,612,93 sqm,"$610,800"
97B,#17,618,93 sqm,"$610,800"
97B,#17,620,93 sqm,"$610,800"
97B,#16,602,93 sqm,"$608,400"
97B,#16,604,93 sqm,"$608,400"
97B,#16,606,93 sqm,"$608,400"
97B,#16,608,93 sqm,"$608,400"
97B,#16,610,93 sqm,"$608,400"
97B,#16,612,93 sqm,"$608,400"
97B,#16,618,93 sqm,"$608,400"
97B,#16,620,93 sqm,"$608,400"
97B,#15,602,93 sqm,"$606,000"
97B,#15,604,93 sqm,"$606,000"
97B,#15,606,93 sqm,"$606,000"
97B,#15,608,93 sqm,"$606,000"
97B,#15,610,93 sqm,"$606,000"
97B,#15,612,93 sqm,"$606,000"
97B,#15,614,93 sqm,"$603,600"
97B,#15,616,93 sqm,"$603,600"
97B,#15,618,93 sqm,"$606,000"
97B,#15,620,93 sqm,"$606,000"
97B,#14,602,93 sqm,"$603,600"
97B,#14,604,93 sqm,"$603,600"
97B,#14,606,93 sqm,"$603,600"
97B,#14,608,93 sqm,"$603,600"
97B,#14,610,93 sqm,"$603,600"
97B,#14,612,93 sqm,"$603,600"
97B,#14,614,93 sqm,"$603,600"
97B,#14,616,93 sqm,"$603,600"
97B,#14,618,93 sqm,"$603,600"
97B,#14,620,93 sqm,"$603,600"
97B,#13,602,93 sqm,"$601,200"
97B,#13,604,93 sqm,"$601,200"
97B,#13,606,93 sqm,"$595,100"
97B,#13,608,93 sqm,"$595,100"
97B,#13,610,93 sqm,"$601,200"
97B,#13,612,93 sqm,"$601,200"
97B,#13,614,93 sqm,"$601,200"
97B,#13,616,93 sqm,"$601,200"
97B,#13,618,93 sqm,"$601,200"
97B,#13,620,93 sqm,"$601,200"
97B,#12,602,93 sqm,"$598,800"
97B,#12,604,93 sqm,"$598,800"
97B,#12,606,93 sqm,"$586,600"
97B,#12,608,93 sqm,"$586,600"
97B,#12,610,93 sqm,"$598,800"
97B,#12,612,93 sqm,"$598,800"
97B,#12,614,93 sqm,"$598,800"
97B,#12,616,93 sqm,"$598,800"
97B,#12,618,93 sqm,"$598,800"
97B,#12,620,93 sqm,"$598,800"
97B,#11,602,93 sqm,"$596,400"
97B,#11,604,93 sqm,"$596,400"
97B,#11,606,93 sqm,"$584,200"
97B,#11,608,93 sqm,"$584,200"
97B,#11,610,93 sqm,"$596,400"
97B,#11,612,93 sqm,"$596,400"
97B,#11,614,93 sqm,"$596,400"
97B,#11,616,93 sqm,"$596,400"
97B,#11,618,93 sqm,"$596,400"
97B,#11,620,93 sqm,"$596,400"
97B,#10,602,93 sqm,"$594,000"
97B,#10,604,93 sqm,"$594,000"
97B,#10,606,93 sqm,"$581,800"
97B,#10,608,93 sqm,"$581,800"
97B,#10,610,93 sqm,"$594,000"
97B,#10,612,93 sqm,"$594,000"
97B,#10,614,93 sqm,"$594,000"
97B,#10,616,93 sqm,"$594,000"
97B,#10,618,93 sqm,"$594,000"
97B,#10,620,93 sqm,"$594,000"
97B,#09,602,93 sqm,"$591,600"
97B,#09,604,93 sqm,"$591,600"
97B,#09,606,93 sqm,"$579,400"
97B,#09,608,93 sqm,"$579,400"
97B,#09,610,93 sqm,"$591,600"
97B,#09,612,93 sqm,"$591,600"
97B,#09,614,93 sqm,"$591,600"
97B,#09,616,93 sqm,"$591,600"
97B,#09,618,93 sqm,"$591,600"
97B,#09,620,93 sqm,"$591,600"
97B,#08,602,93 sqm,"$589,200"
97B,#08,604,93 sqm,"$589,200"
97B,#08,606,93 sqm,"$577,000"
97B,#08,608,93 sqm,"$577,000"
97B,#08,610,93 sqm,"$589,200"
97B,#08,612,93 sqm,"$589,200"
97B,#08,614,93 sqm,"$589,200"
97B,#08,616,93 sqm,"$589,200"
97B,#08,618,93 sqm,"$589,200"
97B,#08,620,93 sqm,"$589,200"
97B,#07,602,93 sqm,"$583,100"
97B,#07,604,93 sqm,"$583,100"
97B,#07,606,93 sqm,"$570,900"
97B,#07,608,93 sqm,"$570,900"
97B,#07,610,93 sqm,"$583,100"
97B,#07,612,93 sqm,"$583,100"
97B,#07,614,93 sqm,"$583,100"
97B,#07,616,93 sqm,"$583,100"
97B,#07,618,93 sqm,"$583,100"
97B,#07,620,93 sqm,"$583,100"
97B,#06,602,93 sqm,"$577,000"
97B,#06,604,93 sqm,"$577,000"
97B,#06,606,93 sqm,"$564,800"
97B,#06,608,93 sqm,"$564,800"
97B,#06,610,93 sqm,"$577,000"
97B,#06,612,93 sqm,"$577,000"
97B,#06,614,93 sqm,"$577,000"
97B,#06,616,93 sqm,"$577,000"
97B,#06,618,93 sqm,"$577,000"
97B,#06,620,93 sqm,"$577,000"
97B,#05,602,93 sqm,"$570,900"
97B,#05,604,93 sqm,"$570,900"
97B,#05,606,93 sqm,"$558,700"
97B,#05,608,93 sqm,"$558,700"
97B,#05,610,93 sqm,"$570,900"
97B,#05,612,93 sqm,"$570,900"
97B,#05,614,93 sqm,"$570,900"
97B,#05,616,93 sqm,"$570,900"
97B,#05,618,93 sqm,"$570,900"
97B,#05,620,93 sqm,"$570,900"
97B,#04,602,93 sqm,"$561,700"
97B,#04,604,93 sqm,"$561,700"
97B,#04,606,93 sqm,"$549,500"
97B,#04,608,93 sqm,"$549,500"
97B,#04,610,93 sqm,"$561,700"
97B,#04,612,93 sqm,"$561,700"
97B,#04,614,93 sqm,"$555,600"
97B,#04,616,93 sqm,"$549,500"
97B,#04,618,93 sqm,"$555,600"
97B,#04,620,93 sqm,"$561,700"
97B,#03,602,93 sqm,"$552,500"
97B,#03,604,93 sqm,"$552,500"
97B,#03,606,93 sqm,"$540,300"
97B,#03,608,93 sqm,"$540,300"
97B,#03,610,93 sqm,"$552,500"
97B,#03,612,93 sqm,"$552,500"
97B,#03,614,93 sqm,"$540,300"
97B,#03,616,93 sqm,"$528,100"
97B,#03,618,93 sqm,"$540,300"
97B,#03,620,93 sqm,"$552,500"
97B,#02,602,93 sqm,"$543,300"
97B,#02,604,93 sqm,"$543,300"
97B,#02,606,93 sqm,"$531,100"
97B,#02,608,93 sqm,"$531,100"
97B,#02,610,93 sqm,"$531,100"
97B,#02,612,93 sqm,"$531,100"
97B,#02,614,93 sqm,"$531,100"
97B,#02,616,93 sqm,"$518,900"
97B,#02,618,93 sqm,"$518,900"
97B,#02,620,93 sqm,"$543,300"
99A,#19,622,93 sqm,"$613,200"
99A,#19,624,93 sqm,"$613,200"
99A,#19,626,93 sqm,"$601,000"
99A,#19,628,93 sqm,"$613,200"
99A,#19,630,93 sqm,"$601,000"
99A,#19,632,93 sqm,"$613,200"
99A,#19,634,93 sqm,"$613,200"
99A,#19,636,93 sqm,"$613,200"
99A,#19,638,93 sqm,"$613,200"
99A,#18,622,93 sqm,"$613,200"
99A,#18,624,93 sqm,"$613,200"
99A,#18,626,93 sqm,"$601,000"
99A,#18,628,93 sqm,"$613,200"
99A,#18,630,93 sqm,"$601,000"
99A,#18,632,93 sqm,"$613,200"
99A,#18,634,93 sqm,"$613,200"
99A,#18,636,93 sqm,"$613,200"
99A,#18,638,93 sqm,"$613,200"
99A,#17,622,93 sqm,"$610,800"
99A,#17,624,93 sqm,"$610,800"
99A,#17,626,93 sqm,"$598,600"
99A,#17,628,93 sqm,"$610,800"
99A,#17,630,93 sqm,"$598,600"
99A,#17,632,93 sqm,"$610,800"
99A,#17,634,93 sqm,"$610,800"
99A,#17,636,93 sqm,"$610,800"
99A,#17,638,93 sqm,"$610,800"
99A,#16,622,93 sqm,"$608,400"
99A,#16,624,93 sqm,"$608,400"
99A,#16,626,93 sqm,"$596,200"
99A,#16,628,93 sqm,"$608,400"
99A,#16,630,93 sqm,"$596,200"
99A,#16,632,93 sqm,"$608,400"
99A,#16,634,93 sqm,"$608,400"
99A,#16,636,93 sqm,"$608,400"
99A,#16,638,93 sqm,"$608,400"
99A,#15,622,93 sqm,"$606,000"
99A,#15,624,93 sqm,"$606,000"
99A,#15,626,93 sqm,"$593,800"
99A,#15,628,93 sqm,"$606,000"
99A,#15,630,93 sqm,"$593,800"
99A,#15,632,93 sqm,"$606,000"
99A,#15,634,93 sqm,"$606,000"
99A,#15,636,93 sqm,"$606,000"
99A,#15,638,93 sqm,"$606,000"
99A,#14,622,93 sqm,"$603,600"
99A,#14,624,93 sqm,"$603,600"
99A,#14,626,93 sqm,"$591,400"
99A,#14,628,93 sqm,"$603,600"
99A,#14,630,93 sqm,"$591,400"
99A,#14,632,93 sqm,"$603,600"
99A,#14,634,93 sqm,"$603,600"
99A,#14,636,93 sqm,"$603,600"
99A,#14,638,93 sqm,"$603,600"
99A,#13,622,93 sqm,"$601,200"
99A,#13,624,93 sqm,"$601,200"
99A,#13,626,93 sqm,"$589,000"
99A,#13,628,93 sqm,"$601,200"
99A,#13,630,93 sqm,"$589,000"
99A,#13,632,93 sqm,"$601,200"
99A,#13,634,93 sqm,"$601,200"
99A,#13,636,93 sqm,"$601,200"
99A,#13,638,93 sqm,"$601,200"
99A,#12,622,93 sqm,"$598,800"
99A,#12,624,93 sqm,"$598,800"
99A,#12,626,93 sqm,"$586,600"
99A,#12,628,93 sqm,"$592,700"
99A,#12,630,93 sqm,"$586,600"
99A,#12,632,93 sqm,"$598,800"
99A,#12,634,93 sqm,"$598,800"
99A,#12,636,93 sqm,"$598,800"
99A,#12,638,93 sqm,"$598,800"
99A,#11,622,93 sqm,"$596,400"
99A,#11,624,93 sqm,"$596,400"
99A,#11,626,93 sqm,"$584,200"
99A,#11,628,93 sqm,"$584,200"
99A,#11,630,93 sqm,"$584,200"
99A,#11,632,93 sqm,"$596,400"
99A,#11,634,93 sqm,"$596,400"
99A,#11,636,93 sqm,"$596,400"
99A,#11,638,93 sqm,"$596,400"
99A,#10,622,93 sqm,"$594,000"
99A,#10,624,93 sqm,"$594,000"
99A,#10,626,93 sqm,"$581,800"
99A,#10,628,93 sqm,"$581,800"
99A,#10,630,93 sqm,"$581,800"
99A,#10,632,93 sqm,"$594,000"
99A,#10,634,93 sqm,"$594,000"
99A,#10,636,93 sqm,"$594,000"
99A,#10,638,93 sqm,"$594,000"
99A,#09,622,93 sqm,"$591,600"
99A,#09,624,93 sqm,"$591,600"
99A,#09,628,93 sqm,"$579,400"
99A,#09,630,93 sqm,"$579,400"
99A,#09,632,93 sqm,"$591,600"
99A,#09,634,93 sqm,"$591,600"
99A,#09,636,93 sqm,"$591,600"
99A,#09,638,93 sqm,"$591,600"
99A,#08,622,93 sqm,"$589,200"
99A,#08,624,93 sqm,"$589,200"
99A,#08,626,93 sqm,"$577,000"
99A,#08,628,93 sqm,"$564,800"
99A,#08,630,93 sqm,"$577,000"
99A,#08,632,93 sqm,"$589,200"
99A,#08,634,93 sqm,"$589,200"
99A,#08,636,93 sqm,"$589,200"
99A,#08,638,93 sqm,"$589,200"
99A,#07,622,93 sqm,"$583,100"
99A,#07,624,93 sqm,"$583,100"
99A,#07,626,93 sqm,"$570,900"
99A,#07,628,93 sqm,"$558,700"
99A,#07,630,93 sqm,"$570,900"
99A,#07,632,93 sqm,"$583,100"
99A,#07,634,93 sqm,"$583,100"
99A,#07,636,93 sqm,"$583,100"
99A,#07,638,93 sqm,"$583,100"
99A,#06,622,93 sqm,"$577,000"
99A,#06,624,93 sqm,"$577,000"
99A,#06,626,93 sqm,"$564,800"
99A,#06,628,93 sqm,"$552,600"
99A,#06,630,93 sqm,"$564,800"
99A,#06,632,93 sqm,"$577,000"
99A,#06,634,93 sqm,"$577,000"
99A,#06,636,93 sqm,"$577,000"
99A,#06,638,93 sqm,"$577,000"
99A,#05,622,93 sqm,"$570,900"
99A,#05,624,93 sqm,"$570,900"
99A,#05,626,93 sqm,"$558,700"
99A,#05,628,93 sqm,"$546,500"
99A,#05,630,93 sqm,"$558,700"
99A,#05,632,93 sqm,"$570,900"
99A,#05,634,93 sqm,"$570,900"
99A,#05,636,93 sqm,"$570,900"
99A,#05,638,93 sqm,"$570,900"
99A,#04,622,93 sqm,"$555,600"
99A,#04,624,93 sqm,"$555,600"
99A,#04,626,93 sqm,"$549,500"
99A,#04,628,93 sqm,"$531,200"
99A,#04,630,93 sqm,"$543,400"
99A,#04,632,93 sqm,"$561,700"
99A,#04,634,93 sqm,"$555,600"
99A,#04,636,93 sqm,"$549,500"
99A,#04,638,93 sqm,"$555,600"
99A,#03,622,93 sqm,"$540,300"
99A,#03,624,93 sqm,"$540,300"
99A,#03,626,93 sqm,"$540,300"
99A,#03,628,93 sqm,"$515,900"
99A,#03,630,93 sqm,"$528,100"
99A,#03,632,93 sqm,"$552,500"
99A,#03,634,93 sqm,"$540,300"
99A,#03,636,93 sqm,"$528,100"
99A,#03,638,93 sqm,"$540,300"
99A,#02,622,93 sqm,"$531,100"
99A,#02,624,93 sqm,"$531,100"
99A,#02,626,93 sqm,"$531,100"
99A,#02,628,93 sqm,"$506,700"
99A,#02,630,93 sqm,"$518,900"
99A,#02,632,93 sqm,"$543,300"
99A,#02,634,93 sqm,"$531,100"
99A,#02,636,93 sqm,"$518,900"
99A,#02,638,93 sqm,"$531,100"
99B,#19,640,93 sqm,"$613,200"
99B,#19,642,93 sqm,"$613,200"
99B,#19,648,93 sqm,"$613,200"
99B,#19,650,93 sqm,"$613,200"
99B,#19,652,93 sqm,"$601,000"
99B,#19,654,93 sqm,"$613,200"
99B,#19,656,93 sqm,"$607,100"
99B,#19,658,93 sqm,"$613,200"
99B,#18,640,93 sqm,"$613,200"
99B,#18,642,93 sqm,"$613,200"
99B,#18,648,93 sqm,"$613,200"
99B,#18,650,93 sqm,"$613,200"
99B,#18,652,93 sqm,"$601,000"
99B,#18,654,93 sqm,"$613,200"
99B,#18,656,93 sqm,"$607,100"
99B,#18,658,93 sqm,"$613,200"
99B,#17,640,93 sqm,"$610,800"
99B,#17,642,93 sqm,"$610,800"
99B,#17,648,93 sqm,"$610,800"
99B,#17,650,93 sqm,"$610,800"
99B,#17,652,93 sqm,"$598,600"
99B,#17,654,93 sqm,"$610,800"
99B,#17,656,93 sqm,"$604,700"
99B,#17,658,93 sqm,"$610,800"
99B,#16,640,93 sqm,"$608,400"
99B,#16,642,93 sqm,"$608,400"
99B,#16,648,93 sqm,"$608,400"
99B,#16,650,93 sqm,"$608,400"
99B,#16,652,93 sqm,"$596,200"
99B,#16,654,93 sqm,"$608,400"
99B,#16,656,93 sqm,"$602,300"
99B,#16,658,93 sqm,"$608,400"
99B,#15,640,93 sqm,"$606,000"
99B,#15,642,93 sqm,"$606,000"
99B,#15,644,93 sqm,"$603,600"
99B,#15,646,93 sqm,"$603,600"
99B,#15,648,93 sqm,"$606,000"
99B,#15,650,93 sqm,"$606,000"
99B,#15,652,93 sqm,"$593,800"
99B,#15,654,93 sqm,"$606,000"
99B,#15,656,93 sqm,"$599,900"
99B,#15,658,93 sqm,"$606,000"
99B,#14,640,93 sqm,"$603,600"
99B,#14,642,93 sqm,"$603,600"
99B,#14,644,93 sqm,"$603,600"
99B,#14,646,93 sqm,"$603,600"
99B,#14,648,93 sqm,"$603,600"
99B,#14,650,93 sqm,"$603,600"
99B,#14,652,93 sqm,"$591,400"
99B,#14,654,93 sqm,"$603,600"
99B,#14,656,93 sqm,"$597,500"
99B,#14,658,93 sqm,"$603,600"
99B,#13,640,93 sqm,"$601,200"
99B,#13,642,93 sqm,"$601,200"
99B,#13,644,93 sqm,"$601,200"
99B,#13,646,93 sqm,"$601,200"
99B,#13,648,93 sqm,"$601,200"
99B,#13,650,93 sqm,"$601,200"
99B,#13,652,93 sqm,"$589,000"
99B,#13,654,93 sqm,"$601,200"
99B,#13,656,93 sqm,"$595,100"
99B,#13,658,93 sqm,"$601,200"
99B,#12,640,93 sqm,"$598,800"
99B,#12,642,93 sqm,"$598,800"
99B,#12,644,93 sqm,"$598,800"
99B,#12,646,93 sqm,"$598,800"
99B,#12,648,93 sqm,"$598,800"
99B,#12,650,93 sqm,"$598,800"
99B,#12,652,93 sqm,"$586,600"
99B,#12,654,93 sqm,"$598,800"
99B,#12,656,93 sqm,"$592,700"
99B,#12,658,93 sqm,"$598,800"
99B,#11,640,93 sqm,"$596,400"
99B,#11,642,93 sqm,"$596,400"
99B,#11,644,93 sqm,"$596,400"
99B,#11,646,93 sqm,"$596,400"
99B,#11,648,93 sqm,"$596,400"
99B,#11,650,93 sqm,"$596,400"
99B,#11,652,93 sqm,"$584,200"
99B,#11,654,93 sqm,"$596,400"
99B,#11,656,93 sqm,"$590,300"
99B,#11,658,93 sqm,"$596,400"
99B,#10,640,93 sqm,"$594,000"
99B,#10,642,93 sqm,"$594,000"
99B,#10,644,93 sqm,"$594,000"
99B,#10,646,93 sqm,"$594,000"
99B,#10,648,93 sqm,"$594,000"
99B,#10,650,93 sqm,"$594,000"
99B,#10,652,93 sqm,"$581,800"
99B,#10,654,93 sqm,"$594,000"
99B,#10,656,93 sqm,"$587,900"
99B,#10,658,93 sqm,"$594,000"
99B,#09,640,93 sqm,"$591,600"
99B,#09,642,93 sqm,"$591,600"
99B,#09,644,93 sqm,"$591,600"
99B,#09,646,93 sqm,"$591,600"
99B,#09,648,93 sqm,"$591,600"
99B,#09,650,93 sqm,"$591,600"
99B,#09,652,93 sqm,"$579,400"
99B,#09,654,93 sqm,"$591,600"
99B,#09,656,93 sqm,"$585,500"
99B,#09,658,93 sqm,"$591,600"
99B,#08,640,93 sqm,"$589,200"
99B,#08,642,93 sqm,"$589,200"
99B,#08,644,93 sqm,"$589,200"
99B,#08,646,93 sqm,"$589,200"
99B,#08,648,93 sqm,"$589,200"
99B,#08,650,93 sqm,"$589,200"
99B,#08,652,93 sqm,"$577,000"
99B,#08,654,93 sqm,"$589,200"
99B,#08,656,93 sqm,"$583,100"
99B,#08,658,93 sqm,"$589,200"
99B,#07,640,93 sqm,"$583,100"
99B,#07,642,93 sqm,"$583,100"
99B,#07,644,93 sqm,"$583,100"
99B,#07,646,93 sqm,"$583,100"
99B,#07,648,93 sqm,"$583,100"
99B,#07,650,93 sqm,"$583,100"
99B,#07,652,93 sqm,"$570,900"
99B,#07,654,93 sqm,"$583,100"
99B,#07,656,93 sqm,"$577,000"
99B,#07,658,93 sqm,"$583,100"
99B,#06,640,93 sqm,"$577,000"
99B,#06,642,93 sqm,"$577,000"
99B,#06,644,93 sqm,"$577,000"
99B,#06,646,93 sqm,"$577,000"
99B,#06,648,93 sqm,"$577,000"
99B,#06,650,93 sqm,"$577,000"
99B,#06,652,93 sqm,"$564,800"
99B,#06,654,93 sqm,"$577,000"
99B,#06,656,93 sqm,"$570,900"
99B,#06,658,93 sqm,"$577,000"
99B,#05,640,93 sqm,"$570,900"
99B,#05,642,93 sqm,"$570,900"
99B,#05,644,93 sqm,"$570,900"
99B,#05,646,93 sqm,"$570,900"
99B,#05,648,93 sqm,"$570,900"
99B,#05,650,93 sqm,"$570,900"
99B,#05,652,93 sqm,"$558,700"
99B,#05,654,93 sqm,"$570,900"
99B,#05,656,93 sqm,"$564,800"
99B,#05,658,93 sqm,"$570,900"
99B,#04,640,93 sqm,"$555,600"
99B,#04,642,93 sqm,"$549,500"
99B,#04,648,93 sqm,"$555,600"
99B,#04,650,93 sqm,"$555,600"
99B,#04,652,93 sqm,"$549,500"
99B,#04,654,93 sqm,"$561,700"
99B,#04,656,93 sqm,"$555,600"
99B,#04,658,93 sqm,"$555,600"
99B,#03,640,93 sqm,"$540,300"
99B,#03,642,93 sqm,"$528,100"
99B,#03,648,93 sqm,"$546,400"
99B,#03,650,93 sqm,"$540,300"
99B,#03,652,93 sqm,"$540,300"
99B,#03,654,93 sqm,"$552,500"
99B,#03,656,93 sqm,"$546,400"
99B,#03,658,93 sqm,"$540,300"
99B,#02,640,93 sqm,"$531,100"
99B,#02,642,93 sqm,"$518,900"
99B,#02,648,93 sqm,"$537,200"
99B,#02,650,93 sqm,"$531,100"
99B,#02,652,93 sqm,"$531,100"
99B,#02,654,93 sqm,"$543,300"
99B,#02,656,93 sqm,"$537,200"
99B,#02,658,93 sqm,"$531,100"
