block_number,flat_type,level_number,unit_id,unit_number,area_sqm,price
95A,2-Room Flexi,#19,6752,500,48,268500
95A,2-Room Flexi,#19,6770,502,48,268500
95A,2-Room Flexi,#19,6788,514,48,268500
95A,2-Room Flexi,#19,6806,516,48,268500
95A,2-Room Flexi,#19,6824,518,48,268500
95A,2-Room Flexi,#19,6842,520,48,268500
95A,2-Room Flexi,#18,6751,500,48,268500
95A,2-Room Flexi,#18,6769,502,48,268500
95A,2-Room Flexi,#18,6787,514,48,268500
95A,2-Room Flexi,#18,6805,516,48,268500
95A,2-Room Flexi,#18,6823,518,48,268500
95A,2-Room Flexi,#18,6841,520,48,268500
95A,2-Room Flexi,#17,6750,500,48,267300
95A,2-Room Flexi,#17,6768,502,48,267300
95A,2-Room Flexi,#17,6786,514,48,267300
95A,2-Room Flexi,#17,6804,516,48,267300
95A,2-Room Flexi,#17,6822,518,48,267300
95A,2-Room Flexi,#17,6840,520,48,267300
95A,2-Room Flexi,#16,6749,500,48,266100
95A,2-Room Flexi,#16,6767,502,48,266100
95A,2-Room Flexi,#16,6785,514,48,266100
95A,2-Room Flexi,#16,6803,516,48,266100
95A,2-Room Flexi,#16,6821,518,48,266100
95A,2-Room Flexi,#16,6839,520,48,266100
95A,2-Room Flexi,#15,6748,500,48,264900
95A,2-Room Flexi,#15,6766,502,48,264900
95A,2-Room Flexi,#15,6784,514,48,264900
95A,2-Room Flexi,#15,6802,516,48,264900
95A,2-Room Flexi,#15,6820,518,48,264900
95A,2-Room Flexi,#15,6838,520,48,264900
95A,2-Room Flexi,#14,6747,500,48,263700
95A,2-Room Flexi,#14,6765,502,48,263700
95A,2-Room Flexi,#14,6783,514,48,263700
95A,2-Room Flexi,#14,6801,516,48,263700
95A,2-Room Flexi,#14,6819,518,48,263700
95A,2-Room Flexi,#14,6837,520,48,263700
95A,2-Room Flexi,#13,6746,500,48,262500
95A,2-Room Flexi,#13,6764,502,48,262500
95A,2-Room Flexi,#13,6782,514,48,262500
95A,2-Room Flexi,#13,6800,516,48,262500
95A,2-Room Flexi,#13,6818,518,48,262500
95A,2-Room Flexi,#13,6836,520,48,262500
95A,2-Room Flexi,#12,6745,500,48,261300
95A,2-Room Flexi,#12,6763,502,48,261300
95A,2-Room Flexi,#12,6781,514,48,261300
95A,2-Room Flexi,#12,6799,516,48,261300
95A,2-Room Flexi,#12,6817,518,48,261300
95A,2-Room Flexi,#12,6835,520,48,261300
95A,2-Room Flexi,#11,6744,500,48,260100
95A,2-Room Flexi,#11,6762,502,48,260100
95A,2-Room Flexi,#11,6780,514,48,260100
95A,2-Room Flexi,#11,6798,516,48,260100
95A,2-Room Flexi,#11,6816,518,48,260100
95A,2-Room Flexi,#11,6834,520,48,260100
95A,2-Room Flexi,#10,6743,500,48,258900
95A,2-Room Flexi,#10,6761,502,48,258900
95A,2-Room Flexi,#10,6779,514,48,258900
95A,2-Room Flexi,#10,6797,516,48,258900
95A,2-Room Flexi,#10,6815,518,48,258900
95A,2-Room Flexi,#10,6833,520,48,258900
95A,2-Room Flexi,#09,6742,500,48,257700
95A,2-Room Flexi,#09,6760,502,48,257700
95A,2-Room Flexi,#09,6778,514,48,257700
95A,2-Room Flexi,#09,6796,516,48,257700
95A,2-Room Flexi,#09,6814,518,48,257700
95A,2-Room Flexi,#09,6832,520,48,257700
95A,2-Room Flexi,#08,6741,500,48,256500
95A,2-Room Flexi,#08,6759,502,48,256500
95A,2-Room Flexi,#08,6777,514,48,256500
95A,2-Room Flexi,#08,6795,516,48,256500
95A,2-Room Flexi,#08,6813,518,48,256500
95A,2-Room Flexi,#08,6831,520,48,256500
95A,2-Room Flexi,#07,6740,500,48,253600
95A,2-Room Flexi,#07,6758,502,48,253600
95A,2-Room Flexi,#07,6776,514,48,253600
95A,2-Room Flexi,#07,6794,516,48,253600
95A,2-Room Flexi,#07,6812,518,48,253600
95A,2-Room Flexi,#07,6830,520,48,253600
95A,2-Room Flexi,#06,6739,500,48,250700
95A,2-Room Flexi,#06,6757,502,48,250700
95A,2-Room Flexi,#06,6775,514,48,250700
95A,2-Room Flexi,#06,6793,516,48,250700
95A,2-Room Flexi,#06,6811,518,48,250700
95A,2-Room Flexi,#06,6829,520,48,250700
95A,2-Room Flexi,#05,6738,500,48,247800
95A,2-Room Flexi,#05,6756,502,48,247800
95A,2-Room Flexi,#05,6774,514,48,247800
95A,2-Room Flexi,#05,6792,516,48,247800
95A,2-Room Flexi,#05,6810,518,48,247800
95A,2-Room Flexi,#05,6828,520,48,247800
95A,2-Room Flexi,#04,6737,500,48,243400
95A,2-Room Flexi,#04,6755,502,48,243400
95A,2-Room Flexi,#04,6773,514,48,243400
95A,2-Room Flexi,#04,6791,516,48,243400
95A,2-Room Flexi,#04,6809,518,48,243400
95A,2-Room Flexi,#04,6827,520,48,243400
95A,2-Room Flexi,#03,6736,500,48,239000
95A,2-Room Flexi,#03,6754,502,48,239000
95A,2-Room Flexi,#03,6772,514,48,239000
95A,2-Room Flexi,#03,6790,516,48,239000
95A,2-Room Flexi,#03,6808,518,48,239000
95A,2-Room Flexi,#03,6826,520,48,239000
95A,2-Room Flexi,#02,6735,500,48,234600
95A,2-Room Flexi,#02,6753,502,48,234600
95A,2-Room Flexi,#02,6771,514,48,234600
95A,2-Room Flexi,#02,6789,516,48,234600
95A,2-Room Flexi,#02,6807,518,48,234600
95A,2-Room Flexi,#02,6825,520,48,234600
95A,"3-Room (Income Ceiling $14,000)",#19,6968,504,69,400400
95A,"3-Room (Income Ceiling $14,000)",#19,6986,506,69,400400
95A,"3-Room (Income Ceiling $14,000)",#19,7034,512,69,400400
95A,"3-Room (Income Ceiling $14,000)",#18,6967,504,69,400400
95A,"3-Room (Income Ceiling $14,000)",#18,6985,506,69,400400
95A,"3-Room (Income Ceiling $14,000)",#18,7033,512,69,400400
95A,"3-Room (Income Ceiling $14,000)",#17,6966,504,69,398700
95A,"3-Room (Income Ceiling $14,000)",#17,6984,506,69,398700
95A,"3-Room (Income Ceiling $14,000)",#17,7032,512,69,398700
95A,"3-Room (Income Ceiling $14,000)",#16,6965,504,69,397000
95A,"3-Room (Income Ceiling $14,000)",#16,6983,506,69,397000
95A,"3-Room (Income Ceiling $14,000)",#16,7001,508,69,399600
95A,"3-Room (Income Ceiling $14,000)",#16,7016,510,69,399600
95A,"3-Room (Income Ceiling $14,000)",#16,7031,512,69,397000
95A,"3-Room (Income Ceiling $14,000)",#15,6964,504,69,395300
95A,"3-Room (Income Ceiling $14,000)",#15,6982,506,69,395300
95A,"3-Room (Income Ceiling $14,000)",#15,7000,508,69,399600
95A,"3-Room (Income Ceiling $14,000)",#15,7015,510,69,399600
95A,"3-Room (Income Ceiling $14,000)",#15,7030,512,69,395300
95A,"3-Room (Income Ceiling $14,000)",#14,6963,504,69,393600
95A,"3-Room (Income Ceiling $14,000)",#14,6981,506,69,393600
95A,"3-Room (Income Ceiling $14,000)",#14,6999,508,69,397900
95A,"3-Room (Income Ceiling $14,000)",#14,7014,510,69,397900
95A,"3-Room (Income Ceiling $14,000)",#14,7029,512,69,393600
95A,"3-Room (Income Ceiling $14,000)",#13,6962,504,69,391900
95A,"3-Room (Income Ceiling $14,000)",#13,6980,506,69,391900
95A,"3-Room (Income Ceiling $14,000)",#13,6998,508,69,396200
95A,"3-Room (Income Ceiling $14,000)",#13,7013,510,69,396200
95A,"3-Room (Income Ceiling $14,000)",#13,7028,512,69,391900
95A,"3-Room (Income Ceiling $14,000)",#12,6961,504,69,390200
95A,"3-Room (Income Ceiling $14,000)",#12,6979,506,69,390200
95A,"3-Room (Income Ceiling $14,000)",#12,6997,508,69,394500
95A,"3-Room (Income Ceiling $14,000)",#12,7012,510,69,394500
95A,"3-Room (Income Ceiling $14,000)",#12,7027,512,69,390200
95A,"3-Room (Income Ceiling $14,000)",#11,6960,504,69,388500
95A,"3-Room (Income Ceiling $14,000)",#11,6978,506,69,388500
95A,"3-Room (Income Ceiling $14,000)",#11,6996,508,69,392800
95A,"3-Room (Income Ceiling $14,000)",#11,7011,510,69,392800
95A,"3-Room (Income Ceiling $14,000)",#11,7026,512,69,388500
95A,"3-Room (Income Ceiling $14,000)",#10,6959,504,69,386800
95A,"3-Room (Income Ceiling $14,000)",#10,6977,506,69,386800
95A,"3-Room (Income Ceiling $14,000)",#10,6995,508,69,391100
95A,"3-Room (Income Ceiling $14,000)",#10,7010,510,69,391100
95A,"3-Room (Income Ceiling $14,000)",#10,7025,512,69,386800
95A,"3-Room (Income Ceiling $14,000)",#09,6958,504,69,385100
95A,"3-Room (Income Ceiling $14,000)",#09,6976,506,69,385100
95A,"3-Room (Income Ceiling $14,000)",#09,6994,508,69,389400
95A,"3-Room (Income Ceiling $14,000)",#09,7009,510,69,389400
95A,"3-Room (Income Ceiling $14,000)",#09,7024,512,69,385100
95A,"3-Room (Income Ceiling $14,000)",#08,6957,504,69,383400
95A,"3-Room (Income Ceiling $14,000)",#08,6975,506,69,383400
95A,"3-Room (Income Ceiling $14,000)",#08,6993,508,69,387700
95A,"3-Room (Income Ceiling $14,000)",#08,7008,510,69,387700
95A,"3-Room (Income Ceiling $14,000)",#08,7023,512,69,383400
95A,"3-Room (Income Ceiling $14,000)",#07,6956,504,69,379100
95A,"3-Room (Income Ceiling $14,000)",#07,6974,506,69,379100
95A,"3-Room (Income Ceiling $14,000)",#07,6992,508,69,383400
95A,"3-Room (Income Ceiling $14,000)",#07,7007,510,69,383400
95A,"3-Room (Income Ceiling $14,000)",#07,7022,512,69,379100
95A,"3-Room (Income Ceiling $14,000)",#06,6955,504,69,374800
95A,"3-Room (Income Ceiling $14,000)",#06,6973,506,69,374800
95A,"3-Room (Income Ceiling $14,000)",#06,6991,508,69,379100
95A,"3-Room (Income Ceiling $14,000)",#06,7006,510,69,379100
95A,"3-Room (Income Ceiling $14,000)",#06,7021,512,69,374800
95A,"3-Room (Income Ceiling $14,000)",#05,6954,504,69,370500
95A,"3-Room (Income Ceiling $14,000)",#05,6972,506,69,370500
95A,"3-Room (Income Ceiling $14,000)",#05,6990,508,69,370500
95A,"3-Room (Income Ceiling $14,000)",#05,7005,510,69,370500
95A,"3-Room (Income Ceiling $14,000)",#05,7020,512,69,370500
95A,"3-Room (Income Ceiling $14,000)",#04,6953,504,69,359800
95A,"3-Room (Income Ceiling $14,000)",#04,6971,506,69,359800
95A,"3-Room (Income Ceiling $14,000)",#04,6989,508,69,355500
95A,"3-Room (Income Ceiling $14,000)",#04,7004,510,69,355500
95A,"3-Room (Income Ceiling $14,000)",#04,7019,512,69,364100
95A,"3-Room (Income Ceiling $14,000)",#03,6952,504,69,349100
95A,"3-Room (Income Ceiling $14,000)",#03,6970,506,69,349100
95A,"3-Room (Income Ceiling $14,000)",#03,6988,508,69,349100
95A,"3-Room (Income Ceiling $14,000)",#03,7003,510,69,349100
95A,"3-Room (Income Ceiling $14,000)",#03,7018,512,69,357700
95A,"3-Room (Income Ceiling $14,000)",#02,6951,504,69,342700
95A,"3-Room (Income Ceiling $14,000)",#02,6969,506,69,342700
95A,"3-Room (Income Ceiling $14,000)",#02,6987,508,69,342700
95A,"3-Room (Income Ceiling $14,000)",#02,7002,510,69,342700
95A,"3-Room (Income Ceiling $14,000)",#02,7017,512,69,351300
95A,4-Room,#19,7152,526,93,607100
95A,4-Room,#19,7170,528,93,607100
95A,4-Room,#18,7151,526,93,607100
95A,4-Room,#18,7169,528,93,607100
95A,4-Room,#17,7150,526,93,604700
95A,4-Room,#17,7168,528,93,604700
95A,4-Room,#16,7149,526,93,602300
95A,4-Room,#16,7167,528,93,602300
95A,4-Room,#15,7120,522,93,597500
95A,4-Room,#15,7134,524,93,597500
95A,4-Room,#15,7148,526,93,599900
95A,4-Room,#15,7166,528,93,599900
95A,4-Room,#14,7119,522,93,597500
95A,4-Room,#14,7133,524,93,597500
95A,4-Room,#14,7147,526,93,597500
95A,4-Room,#14,7165,528,93,597500
95A,4-Room,#13,7118,522,93,595100
95A,4-Room,#13,7132,524,93,595100
95A,4-Room,#13,7146,526,93,595100
95A,4-Room,#13,7164,528,93,595100
95A,4-Room,#12,7117,522,93,592700
95A,4-Room,#12,7131,524,93,592700
95A,4-Room,#12,7145,526,93,592700
95A,4-Room,#12,7163,528,93,592700
95A,4-Room,#11,7116,522,93,590300
95A,4-Room,#11,7130,524,93,590300
95A,4-Room,#11,7144,526,93,590300
95A,4-Room,#11,7162,528,93,590300
95A,4-Room,#10,7115,522,93,587900
95A,4-Room,#10,7129,524,93,587900
95A,4-Room,#10,7143,526,93,587900
95A,4-Room,#10,7161,528,93,587900
95A,4-Room,#09,7114,522,93,585500
95A,4-Room,#09,7128,524,93,585500
95A,4-Room,#09,7142,526,93,585500
95A,4-Room,#09,7160,528,93,585500
95A,4-Room,#08,7113,522,93,583100
95A,4-Room,#08,7127,524,93,583100
95A,4-Room,#08,7141,526,93,583100
95A,4-Room,#08,7159,528,93,583100
95A,4-Room,#07,7112,522,93,577000
95A,4-Room,#07,7126,524,93,577000
95A,4-Room,#07,7140,526,93,577000
95A,4-Room,#07,7158,528,93,577000
95A,4-Room,#06,7111,522,93,570900
95A,4-Room,#06,7125,524,93,570900
95A,4-Room,#06,7139,526,93,570900
95A,4-Room,#06,7157,528,93,570900
95A,4-Room,#05,7110,522,93,564800
95A,4-Room,#05,7124,524,93,564800
95A,4-Room,#05,7138,526,93,564800
95A,4-Room,#05,7156,528,93,564800
95A,4-Room,#04,7109,522,93,555600
95A,4-Room,#04,7123,524,93,549500
95A,4-Room,#04,7137,526,93,549500
95A,4-Room,#04,7155,528,93,555600
95A,4-Room,#03,7108,522,93,546400
95A,4-Room,#03,7122,524,93,534200
95A,4-Room,#03,7136,526,93,534200
95A,4-Room,#03,7154,528,93,546400
95A,4-Room,#02,7107,522,93,537200
95A,4-Room,#02,7121,524,93,525000
95A,4-Room,#02,7135,526,93,525000
95A,4-Room,#02,7153,528,93,525000
95B,2-Room Flexi,#19,6860,530,38,209900
95B,2-Room Flexi,#19,6878,532,48,268500
95B,2-Room Flexi,#19,6896,542,48,268500
95B,2-Room Flexi,#19,6914,544,48,268500
95B,2-Room Flexi,#19,6932,546,38,209900
95B,2-Room Flexi,#19,6950,548,38,209900
95B,2-Room Flexi,#18,6859,530,38,209900
95B,2-Room Flexi,#18,6877,532,48,268500
95B,2-Room Flexi,#18,6895,542,48,268500
95B,2-Room Flexi,#18,6913,544,48,268500
95B,2-Room Flexi,#18,6931,546,38,209900
95B,2-Room Flexi,#18,6949,548,38,209900
95B,2-Room Flexi,#17,6858,530,38,209000
95B,2-Room Flexi,#17,6876,532,48,267300
95B,2-Room Flexi,#17,6894,542,48,267300
95B,2-Room Flexi,#17,6912,544,48,267300
95B,2-Room Flexi,#17,6930,546,38,209000
95B,2-Room Flexi,#17,6948,548,38,209000
95B,2-Room Flexi,#16,6857,530,38,208100
95B,2-Room Flexi,#16,6875,532,48,266100
95B,2-Room Flexi,#16,6893,542,48,266100
95B,2-Room Flexi,#16,6911,544,48,266100
95B,2-Room Flexi,#16,6929,546,38,208100
95B,2-Room Flexi,#16,6947,548,38,208100
95B,2-Room Flexi,#15,6856,530,38,207200
95B,2-Room Flexi,#15,6874,532,48,264900
95B,2-Room Flexi,#15,6892,542,48,264900
95B,2-Room Flexi,#15,6910,544,48,264900
95B,2-Room Flexi,#15,6928,546,38,207200
95B,2-Room Flexi,#15,6946,548,38,207200
95B,2-Room Flexi,#14,6855,530,38,206300
95B,2-Room Flexi,#14,6873,532,48,263700
95B,2-Room Flexi,#14,6891,542,48,263700
95B,2-Room Flexi,#14,6909,544,48,263700
95B,2-Room Flexi,#14,6927,546,38,206300
95B,2-Room Flexi,#14,6945,548,38,206300
95B,2-Room Flexi,#13,6854,530,38,205400
95B,2-Room Flexi,#13,6872,532,48,262500
95B,2-Room Flexi,#13,6890,542,48,262500
95B,2-Room Flexi,#13,6908,544,48,262500
95B,2-Room Flexi,#13,6926,546,38,205400
95B,2-Room Flexi,#13,6944,548,38,205400
95B,2-Room Flexi,#12,6853,530,38,204500
95B,2-Room Flexi,#12,6871,532,48,261300
95B,2-Room Flexi,#12,6889,542,48,261300
95B,2-Room Flexi,#12,6907,544,48,261300
95B,2-Room Flexi,#12,6925,546,38,204500
95B,2-Room Flexi,#12,6943,548,38,204500
95B,2-Room Flexi,#11,6852,530,38,203600
95B,2-Room Flexi,#11,6870,532,48,260100
95B,2-Room Flexi,#11,6888,542,48,260100
95B,2-Room Flexi,#11,6906,544,48,260100
95B,2-Room Flexi,#11,6924,546,38,203600
95B,2-Room Flexi,#11,6942,548,38,203600
95B,2-Room Flexi,#10,6851,530,38,202700
95B,2-Room Flexi,#10,6869,532,48,258900
95B,2-Room Flexi,#10,6887,542,48,258900
95B,2-Room Flexi,#10,6905,544,48,258900
95B,2-Room Flexi,#10,6923,546,38,202700
95B,2-Room Flexi,#10,6941,548,38,202700
95B,2-Room Flexi,#09,6850,530,38,201800
95B,2-Room Flexi,#09,6868,532,48,257700
95B,2-Room Flexi,#09,6886,542,48,257700
95B,2-Room Flexi,#09,6904,544,48,257700
95B,2-Room Flexi,#09,6922,546,38,201800
95B,2-Room Flexi,#09,6940,548,38,201800
95B,2-Room Flexi,#08,6849,530,38,200900
95B,2-Room Flexi,#08,6867,532,48,256500
95B,2-Room Flexi,#08,6885,542,48,256500
95B,2-Room Flexi,#08,6903,544,48,256500
95B,2-Room Flexi,#08,6921,546,38,200900
95B,2-Room Flexi,#08,6939,548,38,200900
95B,2-Room Flexi,#07,6848,530,38,198600
95B,2-Room Flexi,#07,6866,532,48,253600
95B,2-Room Flexi,#07,6884,542,48,253600
95B,2-Room Flexi,#07,6902,544,48,253600
95B,2-Room Flexi,#07,6920,546,38,198600
95B,2-Room Flexi,#07,6938,548,38,198600
95B,2-Room Flexi,#06,6847,530,38,196300
95B,2-Room Flexi,#06,6865,532,48,250700
95B,2-Room Flexi,#06,6883,542,48,250700
95B,2-Room Flexi,#06,6901,544,48,250700
95B,2-Room Flexi,#06,6919,546,38,196300
95B,2-Room Flexi,#06,6937,548,38,196300
95B,2-Room Flexi,#05,6846,530,38,194000
95B,2-Room Flexi,#05,6864,532,48,247800
95B,2-Room Flexi,#05,6882,542,48,247800
95B,2-Room Flexi,#05,6900,544,48,247800
95B,2-Room Flexi,#05,6918,546,38,194000
95B,2-Room Flexi,#05,6936,548,38,194000
95B,2-Room Flexi,#04,6845,530,38,190600
95B,2-Room Flexi,#04,6863,532,48,243400
95B,2-Room Flexi,#04,6881,542,48,243400
95B,2-Room Flexi,#04,6899,544,48,243400
95B,2-Room Flexi,#04,6917,546,38,190600
95B,2-Room Flexi,#04,6935,548,38,190600
95B,2-Room Flexi,#03,6844,530,38,187200
95B,2-Room Flexi,#03,6862,532,48,239000
95B,2-Room Flexi,#03,6880,542,48,239000
95B,2-Room Flexi,#03,6898,544,48,239000
95B,2-Room Flexi,#03,6916,546,38,187200
95B,2-Room Flexi,#03,6934,548,38,187200
95B,2-Room Flexi,#02,6843,530,38,183800
95B,2-Room Flexi,#02,6861,532,48,234600
95B,2-Room Flexi,#02,6879,542,48,234600
95B,2-Room Flexi,#02,6897,544,48,234600
95B,2-Room Flexi,#02,6915,546,38,183800
95B,2-Room Flexi,#02,6933,548,38,179200
95B,"3-Room (Income Ceiling $14,000)",#19,7052,534,69,400400
95B,"3-Room (Income Ceiling $14,000)",#19,7070,536,69,400400
95B,"3-Room (Income Ceiling $14,000)",#19,7088,538,69,404700
95B,"3-Room (Income Ceiling $14,000)",#19,7106,540,69,404700
95B,"3-Room (Income Ceiling $14,000)",#18,7051,534,69,400400
95B,"3-Room (Income Ceiling $14,000)",#18,7069,536,69,400400
95B,"3-Room (Income Ceiling $14,000)",#18,7087,538,69,404700
95B,"3-Room (Income Ceiling $14,000)",#18,7105,540,69,404700
95B,"3-Room (Income Ceiling $14,000)",#17,7050,534,69,398700
95B,"3-Room (Income Ceiling $14,000)",#17,7068,536,69,398700
95B,"3-Room (Income Ceiling $14,000)",#17,7086,538,69,403000
95B,"3-Room (Income Ceiling $14,000)",#17,7104,540,69,403000
95B,"3-Room (Income Ceiling $14,000)",#16,7049,534,69,397000
95B,"3-Room (Income Ceiling $14,000)",#16,7067,536,69,397000
95B,"3-Room (Income Ceiling $14,000)",#16,7085,538,69,401300
95B,"3-Room (Income Ceiling $14,000)",#16,7103,540,69,401300
95B,"3-Room (Income Ceiling $14,000)",#15,7048,534,69,395300
95B,"3-Room (Income Ceiling $14,000)",#15,7066,536,69,395300
95B,"3-Room (Income Ceiling $14,000)",#15,7084,538,69,399600
95B,"3-Room (Income Ceiling $14,000)",#15,7102,540,69,399600
95B,"3-Room (Income Ceiling $14,000)",#14,7047,534,69,393600
95B,"3-Room (Income Ceiling $14,000)",#14,7065,536,69,393600
95B,"3-Room (Income Ceiling $14,000)",#14,7083,538,69,397900
95B,"3-Room (Income Ceiling $14,000)",#14,7101,540,69,397900
95B,"3-Room (Income Ceiling $14,000)",#13,7046,534,69,391900
95B,"3-Room (Income Ceiling $14,000)",#13,7064,536,69,391900
95B,"3-Room (Income Ceiling $14,000)",#13,7082,538,69,396200
95B,"3-Room (Income Ceiling $14,000)",#13,7100,540,69,396200
95B,"3-Room (Income Ceiling $14,000)",#12,7045,534,69,390200
95B,"3-Room (Income Ceiling $14,000)",#12,7063,536,69,390200
95B,"3-Room (Income Ceiling $14,000)",#12,7081,538,69,394500
95B,"3-Room (Income Ceiling $14,000)",#12,7099,540,69,394500
95B,"3-Room (Income Ceiling $14,000)",#11,7044,534,69,388500
95B,"3-Room (Income Ceiling $14,000)",#11,7062,536,69,388500
95B,"3-Room (Income Ceiling $14,000)",#11,7080,538,69,392800
95B,"3-Room (Income Ceiling $14,000)",#11,7098,540,69,392800
95B,"3-Room (Income Ceiling $14,000)",#10,7043,534,69,386800
95B,"3-Room (Income Ceiling $14,000)",#10,7061,536,69,386800
95B,"3-Room (Income Ceiling $14,000)",#10,7079,538,69,391100
95B,"3-Room (Income Ceiling $14,000)",#10,7097,540,69,391100
95B,"3-Room (Income Ceiling $14,000)",#09,7042,534,69,385100
95B,"3-Room (Income Ceiling $14,000)",#09,7060,536,69,385100
95B,"3-Room (Income Ceiling $14,000)",#09,7078,538,69,389400
95B,"3-Room (Income Ceiling $14,000)",#09,7096,540,69,389400
95B,"3-Room (Income Ceiling $14,000)",#08,7041,534,69,383400
95B,"3-Room (Income Ceiling $14,000)",#08,7059,536,69,383400
95B,"3-Room (Income Ceiling $14,000)",#08,7077,538,69,387700
95B,"3-Room (Income Ceiling $14,000)",#08,7095,540,69,387700
95B,"3-Room (Income Ceiling $14,000)",#07,7040,534,69,379100
95B,"3-Room (Income Ceiling $14,000)",#07,7058,536,69,379100
95B,"3-Room (Income Ceiling $14,000)",#07,7076,538,69,383400
95B,"3-Room (Income Ceiling $14,000)",#07,7094,540,69,383400
95B,"3-Room (Income Ceiling $14,000)",#06,7039,534,69,374800
95B,"3-Room (Income Ceiling $14,000)",#06,7057,536,69,374800
95B,"3-Room (Income Ceiling $14,000)",#06,7075,538,69,379100
95B,"3-Room (Income Ceiling $14,000)",#06,7093,540,69,379100
95B,"3-Room (Income Ceiling $14,000)",#05,7038,534,69,370500
95B,"3-Room (Income Ceiling $14,000)",#05,7056,536,69,370500
95B,"3-Room (Income Ceiling $14,000)",#05,7074,538,69,370500
95B,"3-Room (Income Ceiling $14,000)",#05,7092,540,69,370500
95B,"3-Room (Income Ceiling $14,000)",#04,7037,534,69,364100
95B,"3-Room (Income Ceiling $14,000)",#04,7055,536,69,364100
95B,"3-Room (Income Ceiling $14,000)",#04,7073,538,69,364100
95B,"3-Room (Income Ceiling $14,000)",#04,7091,540,69,364100
95B,"3-Room (Income Ceiling $14,000)",#03,7036,534,69,357700
95B,"3-Room (Income Ceiling $14,000)",#03,7054,536,69,357700
95B,"3-Room (Income Ceiling $14,000)",#03,7072,538,69,357700
95B,"3-Room (Income Ceiling $14,000)",#03,7090,540,69,357700
95B,"3-Room (Income Ceiling $14,000)",#02,7035,534,69,351300
95B,"3-Room (Income Ceiling $14,000)",#02,7053,536,69,351300
95B,"3-Room (Income Ceiling $14,000)",#02,7071,538,69,351300
95B,"3-Room (Income Ceiling $14,000)",#02,7089,540,69,351300
95B,4-Room,#19,7188,550,93,607100
95B,4-Room,#19,7206,552,93,607100
95B,4-Room,#19,7223,554,93,607100
95B,4-Room,#19,7240,556,93,607100
95B,4-Room,#18,7187,550,93,607100
95B,4-Room,#18,7205,552,93,607100
95B,4-Room,#18,7222,554,93,607100
95B,4-Room,#18,7239,556,93,607100
95B,4-Room,#17,7186,550,93,604700
95B,4-Room,#17,7204,552,93,604700
95B,4-Room,#17,7221,554,93,604700
95B,4-Room,#17,7238,556,93,604700
95B,4-Room,#16,7185,550,93,602300
95B,4-Room,#16,7203,552,93,602300
95B,4-Room,#16,7220,554,93,602300
95B,4-Room,#16,7237,556,93,596200
95B,4-Room,#15,7184,550,93,599900
95B,4-Room,#15,7202,552,93,599900
95B,4-Room,#15,7219,554,93,599900
95B,4-Room,#15,7236,556,93,593800
95B,4-Room,#14,7183,550,93,597500
95B,4-Room,#14,7201,552,93,597500
95B,4-Room,#14,7218,554,93,597500
95B,4-Room,#14,7235,556,93,591400
95B,4-Room,#13,7182,550,93,595100
95B,4-Room,#13,7200,552,93,595100
95B,4-Room,#13,7217,554,93,595100
95B,4-Room,#13,7234,556,93,589000
95B,4-Room,#12,7181,550,93,592700
95B,4-Room,#12,7199,552,93,592700
95B,4-Room,#12,7216,554,93,592700
95B,4-Room,#12,7233,556,93,586600
95B,4-Room,#11,7180,550,93,590300
95B,4-Room,#11,7198,552,93,590300
95B,4-Room,#11,7215,554,93,590300
95B,4-Room,#11,7232,556,93,584200
95B,4-Room,#10,7179,550,93,587900
95B,4-Room,#10,7197,552,93,587900
95B,4-Room,#10,7214,554,93,587900
95B,4-Room,#10,7231,556,93,581800
95B,4-Room,#09,7178,550,93,585500
95B,4-Room,#09,7196,552,93,585500
95B,4-Room,#09,7213,554,93,585500
95B,4-Room,#09,7230,556,93,579400
95B,4-Room,#08,7177,550,93,583100
95B,4-Room,#08,7195,552,93,583100
95B,4-Room,#08,7212,554,93,583100
95B,4-Room,#08,7229,556,93,577000
95B,4-Room,#07,7176,550,93,577000
95B,4-Room,#07,7194,552,93,577000
95B,4-Room,#07,7211,554,93,577000
95B,4-Room,#07,7228,556,93,570900
95B,4-Room,#06,7175,550,93,570900
95B,4-Room,#06,7193,552,93,570900
95B,4-Room,#06,7210,554,93,570900
95B,4-Room,#06,7227,556,93,564800
95B,4-Room,#05,7174,550,93,564800
95B,4-Room,#05,7192,552,93,564800
95B,4-Room,#05,7209,554,93,564800
95B,4-Room,#05,7226,556,93,558700
95B,4-Room,#04,7173,550,93,555600
95B,4-Room,#04,7191,552,93,549500
95B,4-Room,#04,7208,554,93,549500
95B,4-Room,#04,7225,556,93,549500
95B,4-Room,#03,7172,550,93,546400
95B,4-Room,#03,7190,552,93,534200
95B,4-Room,#03,7207,554,93,534200
95B,4-Room,#03,7224,556,93,540300
95B,4-Room,#02,7171,550,93,525000
95B,4-Room,#02,7189,552,93,525000
95C,4-Room,#19,7258,558,93,625400
95C,4-Room,#19,7276,560,93,625400
95C,4-Room,#19,7294,562,93,625400
95C,4-Room,#19,7312,564,93,613200
95C,4-Room,#19,7330,566,93,613200
95C,4-Room,#19,7348,568,93,613200
95C,4-Room,#19,7366,570,93,613200
95C,4-Room,#19,7384,572,93,613200
95C,4-Room,#19,7402,574,93,613200
95C,4-Room,#18,7257,558,93,625400
95C,4-Room,#18,7275,560,93,625400
95C,4-Room,#18,7293,562,93,625400
95C,4-Room,#18,7311,564,93,613200
95C,4-Room,#18,7329,566,93,613200
95C,4-Room,#18,7347,568,93,613200
95C,4-Room,#18,7365,570,93,613200
95C,4-Room,#18,7383,572,93,613200
95C,4-Room,#18,7401,574,93,613200
95C,4-Room,#17,7256,558,93,623000
95C,4-Room,#17,7274,560,93,623000
95C,4-Room,#17,7292,562,93,623000
95C,4-Room,#17,7310,564,93,610800
95C,4-Room,#17,7328,566,93,610800
95C,4-Room,#17,7346,568,93,610800
95C,4-Room,#17,7364,570,93,610800
95C,4-Room,#17,7382,572,93,610800
95C,4-Room,#17,7400,574,93,610800
95C,4-Room,#16,7255,558,93,620600
95C,4-Room,#16,7273,560,93,620600
95C,4-Room,#16,7291,562,93,620600
95C,4-Room,#16,7309,564,93,608400
95C,4-Room,#16,7327,566,93,608400
95C,4-Room,#16,7345,568,93,608400
95C,4-Room,#16,7363,570,93,608400
95C,4-Room,#16,7381,572,93,608400
95C,4-Room,#16,7399,574,93,608400
95C,4-Room,#15,7254,558,93,612100
95C,4-Room,#15,7272,560,93,612100
95C,4-Room,#15,7290,562,93,612100
95C,4-Room,#15,7308,564,93,599900
95C,4-Room,#15,7326,566,93,599900
95C,4-Room,#15,7344,568,93,599900
95C,4-Room,#15,7362,570,93,599900
95C,4-Room,#15,7380,572,93,599900
95C,4-Room,#15,7398,574,93,599900
95C,4-Room,#15,7415,576,93,597500
95C,4-Room,#15,7428,578,93,597500
95C,4-Room,#14,7253,558,93,609700
95C,4-Room,#14,7271,560,93,609700
95C,4-Room,#14,7289,562,93,609700
95C,4-Room,#14,7307,564,93,597500
95C,4-Room,#14,7325,566,93,597500
95C,4-Room,#14,7343,568,93,597500
95C,4-Room,#14,7361,570,93,597500
95C,4-Room,#14,7379,572,93,597500
95C,4-Room,#14,7397,574,93,597500
95C,4-Room,#14,7414,576,93,597500
95C,4-Room,#14,7427,578,93,597500
95C,4-Room,#13,7252,558,93,607300
95C,4-Room,#13,7270,560,93,607300
95C,4-Room,#13,7288,562,93,607300
95C,4-Room,#13,7306,564,93,595100
95C,4-Room,#13,7324,566,93,595100
95C,4-Room,#13,7342,568,93,595100
95C,4-Room,#13,7360,570,93,595100
95C,4-Room,#13,7378,572,93,595100
95C,4-Room,#13,7396,574,93,595100
95C,4-Room,#13,7413,576,93,595100
95C,4-Room,#13,7426,578,93,595100
95C,4-Room,#12,7251,558,93,598800
95C,4-Room,#12,7269,560,93,598800
95C,4-Room,#12,7287,562,93,598800
95C,4-Room,#12,7305,564,93,592700
95C,4-Room,#12,7323,566,93,592700
95C,4-Room,#12,7341,568,93,592700
95C,4-Room,#12,7359,570,93,592700
95C,4-Room,#12,7377,572,93,592700
95C,4-Room,#12,7395,574,93,592700
95C,4-Room,#12,7412,576,93,592700
95C,4-Room,#12,7425,578,93,592700
95C,4-Room,#11,7250,558,93,590300
95C,4-Room,#11,7268,560,93,590300
95C,4-Room,#11,7286,562,93,590300
95C,4-Room,#11,7304,564,93,590300
95C,4-Room,#11,7322,566,93,590300
95C,4-Room,#11,7340,568,93,590300
95C,4-Room,#11,7358,570,93,590300
95C,4-Room,#11,7376,572,93,590300
95C,4-Room,#11,7394,574,93,590300
95C,4-Room,#11,7411,576,93,590300
95C,4-Room,#11,7424,578,93,590300
95C,4-Room,#10,7249,558,93,575700
95C,4-Room,#10,7267,560,93,575700
95C,4-Room,#10,7285,562,93,587900
95C,4-Room,#10,7303,564,93,587900
95C,4-Room,#10,7321,566,93,587900
95C,4-Room,#10,7339,568,93,587900
95C,4-Room,#10,7357,570,93,587900
95C,4-Room,#10,7375,572,93,587900
95C,4-Room,#10,7393,574,93,587900
95C,4-Room,#10,7410,576,93,587900
95C,4-Room,#10,7423,578,93,587900
95C,4-Room,#09,7248,558,93,573300
95C,4-Room,#09,7266,560,93,573300
95C,4-Room,#09,7284,562,93,585500
95C,4-Room,#09,7302,564,93,585500
95C,4-Room,#09,7320,566,93,585500
95C,4-Room,#09,7338,568,93,585500
95C,4-Room,#09,7356,570,93,585500
95C,4-Room,#09,7374,572,93,585500
95C,4-Room,#09,7392,574,93,585500
95C,4-Room,#09,7409,576,93,585500
95C,4-Room,#09,7422,578,93,585500
95C,4-Room,#08,7247,558,93,570900
95C,4-Room,#08,7265,560,93,570900
95C,4-Room,#08,7283,562,93,570900
95C,4-Room,#08,7301,564,93,583100
95C,4-Room,#08,7319,566,93,583100
95C,4-Room,#08,7337,568,93,583100
95C,4-Room,#08,7355,570,93,583100
95C,4-Room,#08,7373,572,93,583100
95C,4-Room,#08,7391,574,93,583100
95C,4-Room,#08,7408,576,93,583100
95C,4-Room,#08,7421,578,93,583100
95C,4-Room,#07,7246,558,93,552600
95C,4-Room,#07,7264,560,93,552600
95C,4-Room,#07,7282,562,93,552600
95C,4-Room,#07,7300,564,93,577000
95C,4-Room,#07,7318,566,93,577000
95C,4-Room,#07,7336,568,93,577000
95C,4-Room,#07,7354,570,93,577000
95C,4-Room,#07,7372,572,93,577000
95C,4-Room,#07,7390,574,93,577000
95C,4-Room,#07,7407,576,93,577000
95C,4-Room,#07,7420,578,93,577000
95C,4-Room,#06,7245,558,93,534300
95C,4-Room,#06,7263,560,93,534300
95C,4-Room,#06,7281,562,93,534300
95C,4-Room,#06,7299,564,93,570900
95C,4-Room,#06,7317,566,93,570900
95C,4-Room,#06,7335,568,93,570900
95C,4-Room,#06,7353,570,93,570900
95C,4-Room,#06,7371,572,93,570900
95C,4-Room,#06,7389,574,93,570900
95C,4-Room,#06,7406,576,93,570900
95C,4-Room,#06,7419,578,93,570900
95C,4-Room,#05,7244,558,93,528200
95C,4-Room,#05,7262,560,93,528200
95C,4-Room,#05,7280,562,93,528200
95C,4-Room,#05,7298,564,93,564800
95C,4-Room,#05,7316,566,93,564800
95C,4-Room,#05,7334,568,93,564800
95C,4-Room,#05,7352,570,93,564800
95C,4-Room,#05,7370,572,93,564800
95C,4-Room,#05,7388,574,93,564800
95C,4-Room,#05,7405,576,93,564800
95C,4-Room,#05,7418,578,93,564800
95C,4-Room,#04,7243,558,93,512900
95C,4-Room,#04,7261,560,93,519000
95C,4-Room,#04,7279,562,93,519000
95C,4-Room,#04,7297,564,93,555600
95C,4-Room,#04,7315,566,93,555600
95C,4-Room,#04,7333,568,93,555600
95C,4-Room,#04,7351,570,93,555600
95C,4-Room,#04,7369,572,93,555600
95C,4-Room,#04,7387,574,93,555600
95C,4-Room,#04,7404,576,93,555600
95C,4-Room,#04,7417,578,93,549500
95C,4-Room,#03,7242,558,93,497600
95C,4-Room,#03,7260,560,93,509800
95C,4-Room,#03,7278,562,93,509800
95C,4-Room,#03,7296,564,93,546400
95C,4-Room,#03,7314,566,93,546400
95C,4-Room,#03,7332,568,93,546400
95C,4-Room,#03,7350,570,93,546400
95C,4-Room,#03,7368,572,93,546400
95C,4-Room,#03,7386,574,93,546400
95C,4-Room,#03,7403,576,93,546400
95C,4-Room,#03,7416,578,93,534200
95C,4-Room,#02,7241,558,93,488400
95C,4-Room,#02,7259,560,93,500600
95C,4-Room,#02,7277,562,93,500600
95C,4-Room,#02,7295,564,93,537200
95C,4-Room,#02,7313,566,93,537200
95C,4-Room,#02,7331,568,93,537200
95C,4-Room,#02,7349,570,93,537200
95C,4-Room,#02,7367,572,93,537200
95C,4-Room,#02,7385,574,93,537200
97A,4-Room,#19,7446,580,93,613200
97A,4-Room,#19,7464,582,93,613200
97A,4-Room,#19,7510,588,93,613200
97A,4-Room,#19,7527,590,93,613200
97A,4-Room,#19,7545,592,93,625400
97A,4-Room,#19,7563,594,93,625400
97A,4-Room,#19,7581,596,93,613200
97A,4-Room,#19,7599,598,93,613200
97A,4-Room,#19,7617,600,93,613200
97A,4-Room,#18,7445,580,93,613200
97A,4-Room,#18,7463,582,93,613200
97A,4-Room,#18,7509,588,93,613200
97A,4-Room,#18,7526,590,93,613200
97A,4-Room,#18,7544,592,93,625400
97A,4-Room,#18,7562,594,93,625400
97A,4-Room,#18,7580,596,93,613200
97A,4-Room,#18,7598,598,93,613200
97A,4-Room,#18,7616,600,93,613200
97A,4-Room,#17,7444,580,93,610800
97A,4-Room,#17,7462,582,93,610800
97A,4-Room,#17,7508,588,93,610800
97A,4-Room,#17,7525,590,93,610800
97A,4-Room,#17,7543,592,93,623000
97A,4-Room,#17,7561,594,93,623000
97A,4-Room,#17,7579,596,93,610800
97A,4-Room,#17,7597,598,93,610800
97A,4-Room,#17,7615,600,93,610800
97A,4-Room,#16,7443,580,93,608400
97A,4-Room,#16,7461,582,93,608400
97A,4-Room,#16,7507,588,93,608400
97A,4-Room,#16,7524,590,93,608400
97A,4-Room,#16,7542,592,93,620600
97A,4-Room,#16,7560,594,93,620600
97A,4-Room,#16,7578,596,93,608400
97A,4-Room,#16,7596,598,93,608400
97A,4-Room,#16,7614,600,93,608400
97A,4-Room,#15,7442,580,93,599900
97A,4-Room,#15,7460,582,93,599900
97A,4-Room,#15,7478,584,93,597500
97A,4-Room,#15,7492,586,93,597500
97A,4-Room,#15,7506,588,93,599900
97A,4-Room,#15,7523,590,93,599900
97A,4-Room,#15,7541,592,93,612100
97A,4-Room,#15,7559,594,93,612100
97A,4-Room,#15,7577,596,93,599900
97A,4-Room,#15,7595,598,93,599900
97A,4-Room,#15,7613,600,93,599900
97A,4-Room,#14,7441,580,93,597500
97A,4-Room,#14,7459,582,93,597500
97A,4-Room,#14,7477,584,93,597500
97A,4-Room,#14,7491,586,93,597500
97A,4-Room,#14,7505,588,93,597500
97A,4-Room,#14,7522,590,93,597500
97A,4-Room,#14,7540,592,93,609700
97A,4-Room,#14,7558,594,93,609700
97A,4-Room,#14,7576,596,93,597500
97A,4-Room,#14,7594,598,93,597500
97A,4-Room,#14,7612,600,93,597500
97A,4-Room,#13,7440,580,93,595100
97A,4-Room,#13,7458,582,93,595100
97A,4-Room,#13,7476,584,93,595100
97A,4-Room,#13,7490,586,93,595100
97A,4-Room,#13,7504,588,93,595100
97A,4-Room,#13,7521,590,93,595100
97A,4-Room,#13,7539,592,93,607300
97A,4-Room,#13,7557,594,93,607300
97A,4-Room,#13,7575,596,93,595100
97A,4-Room,#13,7593,598,93,595100
97A,4-Room,#13,7611,600,93,595100
97A,4-Room,#12,7439,580,93,592700
97A,4-Room,#12,7457,582,93,592700
97A,4-Room,#12,7475,584,93,592700
97A,4-Room,#12,7489,586,93,592700
97A,4-Room,#12,7503,588,93,592700
97A,4-Room,#12,7520,590,93,592700
97A,4-Room,#12,7538,592,93,598800
97A,4-Room,#12,7556,594,93,598800
97A,4-Room,#12,7574,596,93,592700
97A,4-Room,#12,7592,598,93,592700
97A,4-Room,#12,7610,600,93,592700
97A,4-Room,#11,7438,580,93,590300
97A,4-Room,#11,7456,582,93,590300
97A,4-Room,#11,7474,584,93,590300
97A,4-Room,#11,7488,586,93,590300
97A,4-Room,#11,7502,588,93,590300
97A,4-Room,#11,7519,590,93,590300
97A,4-Room,#11,7537,592,93,590300
97A,4-Room,#11,7555,594,93,590300
97A,4-Room,#11,7573,596,93,590300
97A,4-Room,#11,7591,598,93,590300
97A,4-Room,#11,7609,600,93,590300
97A,4-Room,#10,7437,580,93,587900
97A,4-Room,#10,7455,582,93,587900
97A,4-Room,#10,7473,584,93,587900
97A,4-Room,#10,7487,586,93,587900
97A,4-Room,#10,7501,588,93,587900
97A,4-Room,#10,7518,590,93,587900
97A,4-Room,#10,7536,592,93,587900
97A,4-Room,#10,7554,594,93,587900
97A,4-Room,#10,7572,596,93,587900
97A,4-Room,#10,7590,598,93,587900
97A,4-Room,#10,7608,600,93,587900
97A,4-Room,#09,7436,580,93,585500
97A,4-Room,#09,7454,582,93,585500
97A,4-Room,#09,7472,584,93,585500
97A,4-Room,#09,7486,586,93,585500
97A,4-Room,#09,7500,588,93,585500
97A,4-Room,#09,7535,592,93,585500
97A,4-Room,#09,7553,594,93,585500
97A,4-Room,#09,7571,596,93,585500
97A,4-Room,#09,7589,598,93,585500
97A,4-Room,#09,7607,600,93,585500
97A,4-Room,#08,7435,580,93,583100
97A,4-Room,#08,7453,582,93,583100
97A,4-Room,#08,7471,584,93,583100
97A,4-Room,#08,7485,586,93,583100
97A,4-Room,#08,7499,588,93,583100
97A,4-Room,#08,7517,590,93,583100
97A,4-Room,#08,7534,592,93,570900
97A,4-Room,#08,7552,594,93,570900
97A,4-Room,#08,7570,596,93,583100
97A,4-Room,#08,7588,598,93,583100
97A,4-Room,#08,7606,600,93,583100
97A,4-Room,#07,7434,580,93,577000
97A,4-Room,#07,7452,582,93,577000
97A,4-Room,#07,7470,584,93,577000
97A,4-Room,#07,7484,586,93,577000
97A,4-Room,#07,7498,588,93,577000
97A,4-Room,#07,7516,590,93,577000
97A,4-Room,#07,7533,592,93,552600
97A,4-Room,#07,7551,594,93,552600
97A,4-Room,#07,7569,596,93,577000
97A,4-Room,#07,7587,598,93,577000
97A,4-Room,#07,7605,600,93,577000
97A,4-Room,#06,7433,580,93,570900
97A,4-Room,#06,7451,582,93,570900
97A,4-Room,#06,7469,584,93,570900
97A,4-Room,#06,7483,586,93,570900
97A,4-Room,#06,7497,588,93,570900
97A,4-Room,#06,7515,590,93,570900
97A,4-Room,#06,7532,592,93,534300
97A,4-Room,#06,7550,594,93,534300
97A,4-Room,#06,7568,596,93,570900
97A,4-Room,#06,7586,598,93,570900
97A,4-Room,#06,7604,600,93,570900
97A,4-Room,#05,7432,580,93,564800
97A,4-Room,#05,7450,582,93,564800
97A,4-Room,#05,7468,584,93,564800
97A,4-Room,#05,7482,586,93,564800
97A,4-Room,#05,7496,588,93,564800
97A,4-Room,#05,7514,590,93,564800
97A,4-Room,#05,7531,592,93,528200
97A,4-Room,#05,7549,594,93,528200
97A,4-Room,#05,7567,596,93,564800
97A,4-Room,#05,7585,598,93,564800
97A,4-Room,#05,7603,600,93,564800
97A,4-Room,#04,7431,580,93,555600
97A,4-Room,#04,7449,582,93,549500
97A,4-Room,#04,7467,584,93,549500
97A,4-Room,#04,7481,586,93,555600
97A,4-Room,#04,7495,588,93,555600
97A,4-Room,#04,7513,590,93,555600
97A,4-Room,#04,7530,592,93,512900
97A,4-Room,#04,7548,594,93,512900
97A,4-Room,#04,7566,596,93,555600
97A,4-Room,#04,7584,598,93,555600
97A,4-Room,#04,7602,600,93,555600
97A,4-Room,#03,7430,580,93,546400
97A,4-Room,#03,7448,582,93,534200
97A,4-Room,#03,7466,584,93,534200
97A,4-Room,#03,7480,586,93,546400
97A,4-Room,#03,7494,588,93,546400
97A,4-Room,#03,7512,590,93,546400
97A,4-Room,#03,7529,592,93,497600
97A,4-Room,#03,7547,594,93,497600
97A,4-Room,#03,7565,596,93,546400
97A,4-Room,#03,7583,598,93,546400
97A,4-Room,#03,7601,600,93,546400
97A,4-Room,#02,7429,580,93,537200
97A,4-Room,#02,7447,582,93,512800
97A,4-Room,#02,7465,584,93,525000
97A,4-Room,#02,7479,586,93,537200
97A,4-Room,#02,7493,588,93,537200
97A,4-Room,#02,7511,590,93,537200
97A,4-Room,#02,7528,592,93,488400
97A,4-Room,#02,7546,594,93,488400
97A,4-Room,#02,7564,596,93,537200
97A,4-Room,#02,7582,598,93,537200
97A,4-Room,#02,7600,600,93,537200
97B,4-Room,#19,7635,602,93,613200
97B,4-Room,#19,7653,604,93,613200
97B,4-Room,#19,7671,606,93,613200
97B,4-Room,#19,7689,608,93,613200
97B,4-Room,#19,7707,610,93,613200
97B,4-Room,#19,7725,612,93,613200
97B,4-Room,#19,7771,618,93,613200
97B,4-Room,#19,7789,620,93,613200
97B,4-Room,#18,7634,602,93,613200
97B,4-Room,#18,7652,604,93,613200
97B,4-Room,#18,7670,606,93,613200
97B,4-Room,#18,7688,608,93,613200
97B,4-Room,#18,7706,610,93,613200
97B,4-Room,#18,7724,612,93,613200
97B,4-Room,#18,7770,618,93,613200
97B,4-Room,#18,7788,620,93,613200
97B,4-Room,#17,7633,602,93,610800
97B,4-Room,#17,7651,604,93,610800
97B,4-Room,#17,7669,606,93,610800
97B,4-Room,#17,7687,608,93,610800
97B,4-Room,#17,7705,610,93,610800
97B,4-Room,#17,7723,612,93,610800
97B,4-Room,#17,7769,618,93,610800
97B,4-Room,#17,7787,620,93,610800
97B,4-Room,#16,7632,602,93,608400
97B,4-Room,#16,7650,604,93,608400
97B,4-Room,#16,7668,606,93,608400
97B,4-Room,#16,7686,608,93,608400
97B,4-Room,#16,7704,610,93,608400
97B,4-Room,#16,7722,612,93,608400
97B,4-Room,#16,7768,618,93,608400
97B,4-Room,#16,7786,620,93,608400
97B,4-Room,#15,7631,602,93,606000
97B,4-Room,#15,7649,604,93,606000
97B,4-Room,#15,7667,606,93,606000
97B,4-Room,#15,7685,608,93,606000
97B,4-Room,#15,7703,610,93,606000
97B,4-Room,#15,7721,612,93,606000
97B,4-Room,#15,7739,614,93,603600
97B,4-Room,#15,7753,616,93,603600
97B,4-Room,#15,7767,618,93,606000
97B,4-Room,#15,7785,620,93,606000
97B,4-Room,#14,7630,602,93,603600
97B,4-Room,#14,7648,604,93,603600
97B,4-Room,#14,7666,606,93,603600
97B,4-Room,#14,7684,608,93,603600
97B,4-Room,#14,7702,610,93,603600
97B,4-Room,#14,7720,612,93,603600
97B,4-Room,#14,7738,614,93,603600
97B,4-Room,#14,7752,616,93,603600
97B,4-Room,#14,7766,618,93,603600
97B,4-Room,#14,7784,620,93,603600
97B,4-Room,#13,7629,602,93,601200
97B,4-Room,#13,7647,604,93,601200
97B,4-Room,#13,7665,606,93,595100
97B,4-Room,#13,7683,608,93,595100
97B,4-Room,#13,7701,610,93,601200
97B,4-Room,#13,7719,612,93,601200
97B,4-Room,#13,7737,614,93,601200
97B,4-Room,#13,7751,616,93,601200
97B,4-Room,#13,7765,618,93,601200
97B,4-Room,#13,7783,620,93,601200
97B,4-Room,#12,7628,602,93,598800
97B,4-Room,#12,7646,604,93,598800
97B,4-Room,#12,7664,606,93,586600
97B,4-Room,#12,7682,608,93,586600
97B,4-Room,#12,7700,610,93,598800
97B,4-Room,#12,7718,612,93,598800
97B,4-Room,#12,7736,614,93,598800
97B,4-Room,#12,7750,616,93,598800
97B,4-Room,#12,7764,618,93,598800
97B,4-Room,#12,7782,620,93,598800
97B,4-Room,#11,7627,602,93,596400
97B,4-Room,#11,7645,604,93,596400
97B,4-Room,#11,7663,606,93,584200
97B,4-Room,#11,7681,608,93,584200
97B,4-Room,#11,7699,610,93,596400
97B,4-Room,#11,7717,612,93,596400
97B,4-Room,#11,7735,614,93,596400
97B,4-Room,#11,7749,616,93,596400
97B,4-Room,#11,7763,618,93,596400
97B,4-Room,#11,7781,620,93,596400
97B,4-Room,#10,7626,602,93,594000
97B,4-Room,#10,7644,604,93,594000
97B,4-Room,#10,7662,606,93,581800
97B,4-Room,#10,7680,608,93,581800
97B,4-Room,#10,7698,610,93,594000
97B,4-Room,#10,7716,612,93,594000
97B,4-Room,#10,7734,614,93,594000
97B,4-Room,#10,7748,616,93,594000
97B,4-Room,#10,7762,618,93,594000
97B,4-Room,#10,7780,620,93,594000
97B,4-Room,#09,7625,602,93,591600
97B,4-Room,#09,7643,604,93,591600
97B,4-Room,#09,7661,606,93,579400
97B,4-Room,#09,7679,608,93,579400
97B,4-Room,#09,7697,610,93,591600
97B,4-Room,#09,7715,612,93,591600
97B,4-Room,#09,7733,614,93,591600
97B,4-Room,#09,7747,616,93,591600
97B,4-Room,#09,7761,618,93,591600
97B,4-Room,#09,7779,620,93,591600
97B,4-Room,#08,7624,602,93,589200
97B,4-Room,#08,7642,604,93,589200
97B,4-Room,#08,7660,606,93,577000
97B,4-Room,#08,7678,608,93,577000
97B,4-Room,#08,7696,610,93,589200
97B,4-Room,#08,7714,612,93,589200
97B,4-Room,#08,7732,614,93,589200
97B,4-Room,#08,7746,616,93,589200
97B,4-Room,#08,7760,618,93,589200
97B,4-Room,#08,7778,620,93,589200
97B,4-Room,#07,7623,602,93,583100
97B,4-Room,#07,7641,604,93,583100
97B,4-Room,#07,7659,606,93,570900
97B,4-Room,#07,7677,608,93,570900
97B,4-Room,#07,7695,610,93,583100
97B,4-Room,#07,7713,612,93,583100
97B,4-Room,#07,7731,614,93,583100
97B,4-Room,#07,7745,616,93,583100
97B,4-Room,#07,7759,618,93,583100
97B,4-Room,#07,7777,620,93,583100
97B,4-Room,#06,7622,602,93,577000
97B,4-Room,#06,7640,604,93,577000
97B,4-Room,#06,7658,606,93,564800
97B,4-Room,#06,7676,608,93,564800
97B,4-Room,#06,7694,610,93,577000
97B,4-Room,#06,7712,612,93,577000
97B,4-Room,#06,7730,614,93,577000
97B,4-Room,#06,7744,616,93,577000
97B,4-Room,#06,7758,618,93,577000
97B,4-Room,#06,7776,620,93,577000
97B,4-Room,#05,7621,602,93,570900
97B,4-Room,#05,7639,604,93,570900
97B,4-Room,#05,7657,606,93,558700
97B,4-Room,#05,7675,608,93,558700
97B,4-Room,#05,7693,610,93,570900
97B,4-Room,#05,7711,612,93,570900
97B,4-Room,#05,7729,614,93,570900
97B,4-Room,#05,7743,616,93,570900
97B,4-Room,#05,7757,618,93,570900
97B,4-Room,#05,7775,620,93,570900
97B,4-Room,#04,7620,602,93,561700
97B,4-Room,#04,7638,604,93,561700
97B,4-Room,#04,7656,606,93,549500
97B,4-Room,#04,7674,608,93,549500
97B,4-Room,#04,7692,610,93,561700
97B,4-Room,#04,7710,612,93,561700
97B,4-Room,#04,7728,614,93,555600
97B,4-Room,#04,7742,616,93,549500
97B,4-Room,#04,7756,618,93,555600
97B,4-Room,#04,7774,620,93,561700
97B,4-Room,#03,7619,602,93,552500
97B,4-Room,#03,7637,604,93,552500
97B,4-Room,#03,7655,606,93,540300
97B,4-Room,#03,7673,608,93,540300
97B,4-Room,#03,7691,610,93,552500
97B,4-Room,#03,7709,612,93,552500
97B,4-Room,#03,7727,614,93,540300
97B,4-Room,#03,7741,616,93,528100
97B,4-Room,#03,7755,618,93,540300
97B,4-Room,#03,7773,620,93,552500
97B,4-Room,#02,7618,602,93,543300
97B,4-Room,#02,7636,604,93,543300
97B,4-Room,#02,7654,606,93,531100
97B,4-Room,#02,7672,608,93,531100
97B,4-Room,#02,7690,610,93,531100
97B,4-Room,#02,7708,612,93,531100
97B,4-Room,#02,7726,614,93,531100
97B,4-Room,#02,7740,616,93,518900
97B,4-Room,#02,7754,618,93,518900
97B,4-Room,#02,7772,620,93,543300
99A,4-Room,#19,7807,622,93,613200
99A,4-Room,#19,7825,624,93,613200
99A,4-Room,#19,7842,626,93,601000
99A,4-Room,#19,7860,628,93,613200
99A,4-Room,#19,7878,630,93,601000
99A,4-Room,#19,7896,632,93,613200
99A,4-Room,#19,7914,634,93,613200
99A,4-Room,#19,7932,636,93,613200
99A,4-Room,#19,7950,638,93,613200
99A,4-Room,#18,7806,622,93,613200
99A,4-Room,#18,7824,624,93,613200
99A,4-Room,#18,7841,626,93,601000
99A,4-Room,#18,7859,628,93,613200
99A,4-Room,#18,7877,630,93,601000
99A,4-Room,#18,7895,632,93,613200
99A,4-Room,#18,7913,634,93,613200
99A,4-Room,#18,7931,636,93,613200
99A,4-Room,#18,7949,638,93,613200
99A,4-Room,#17,7805,622,93,610800
99A,4-Room,#17,7823,624,93,610800
99A,4-Room,#17,7840,626,93,598600
99A,4-Room,#17,7858,628,93,610800
99A,4-Room,#17,7876,630,93,598600
99A,4-Room,#17,7894,632,93,610800
99A,4-Room,#17,7912,634,93,610800
99A,4-Room,#17,7930,636,93,610800
99A,4-Room,#17,7948,638,93,610800
99A,4-Room,#16,7804,622,93,608400
99A,4-Room,#16,7822,624,93,608400
99A,4-Room,#16,7839,626,93,596200
99A,4-Room,#16,7857,628,93,608400
99A,4-Room,#16,7875,630,93,596200
99A,4-Room,#16,7893,632,93,608400
99A,4-Room,#16,7911,634,93,608400
99A,4-Room,#16,7929,636,93,608400
99A,4-Room,#16,7947,638,93,608400
99A,4-Room,#15,7803,622,93,606000
99A,4-Room,#15,7821,624,93,606000
99A,4-Room,#15,7838,626,93,593800
99A,4-Room,#15,7856,628,93,606000
99A,4-Room,#15,7874,630,93,593800
99A,4-Room,#15,7892,632,93,606000
99A,4-Room,#15,7910,634,93,606000
99A,4-Room,#15,7928,636,93,606000
99A,4-Room,#15,7946,638,93,606000
99A,4-Room,#14,7802,622,93,603600
99A,4-Room,#14,7820,624,93,603600
99A,4-Room,#14,7837,626,93,591400
99A,4-Room,#14,7855,628,93,603600
99A,4-Room,#14,7873,630,93,591400
99A,4-Room,#14,7891,632,93,603600
99A,4-Room,#14,7909,634,93,603600
99A,4-Room,#14,7927,636,93,603600
99A,4-Room,#14,7945,638,93,603600
99A,4-Room,#13,7801,622,93,601200
99A,4-Room,#13,7819,624,93,601200
99A,4-Room,#13,7836,626,93,589000
99A,4-Room,#13,7854,628,93,601200
99A,4-Room,#13,7872,630,93,589000
99A,4-Room,#13,7890,632,93,601200
99A,4-Room,#13,7908,634,93,601200
99A,4-Room,#13,7926,636,93,601200
99A,4-Room,#13,7944,638,93,601200
99A,4-Room,#12,7800,622,93,598800
99A,4-Room,#12,7818,624,93,598800
99A,4-Room,#12,7835,626,93,586600
99A,4-Room,#12,7853,628,93,592700
99A,4-Room,#12,7871,630,93,586600
99A,4-Room,#12,7889,632,93,598800
99A,4-Room,#12,7907,634,93,598800
99A,4-Room,#12,7925,636,93,598800
99A,4-Room,#12,7943,638,93,598800
99A,4-Room,#11,7799,622,93,596400
99A,4-Room,#11,7817,624,93,596400
99A,4-Room,#11,7834,626,93,584200
99A,4-Room,#11,7852,628,93,584200
99A,4-Room,#11,7870,630,93,584200
99A,4-Room,#11,7888,632,93,596400
99A,4-Room,#11,7906,634,93,596400
99A,4-Room,#11,7924,636,93,596400
99A,4-Room,#11,7942,638,93,596400
99A,4-Room,#10,7798,622,93,594000
99A,4-Room,#10,7816,624,93,594000
99A,4-Room,#10,7833,626,93,581800
99A,4-Room,#10,7851,628,93,581800
99A,4-Room,#10,7869,630,93,581800
99A,4-Room,#10,7887,632,93,594000
99A,4-Room,#10,7905,634,93,594000
99A,4-Room,#10,7923,636,93,594000
99A,4-Room,#10,7941,638,93,594000
99A,4-Room,#09,7797,622,93,591600
99A,4-Room,#09,7815,624,93,591600
99A,4-Room,#09,7850,628,93,579400
99A,4-Room,#09,7868,630,93,579400
99A,4-Room,#09,7886,632,93,591600
99A,4-Room,#09,7904,634,93,591600
99A,4-Room,#09,7922,636,93,591600
99A,4-Room,#09,7940,638,93,591600
99A,4-Room,#08,7796,622,93,589200
99A,4-Room,#08,7814,624,93,589200
99A,4-Room,#08,7832,626,93,577000
99A,4-Room,#08,7849,628,93,564800
99A,4-Room,#08,7867,630,93,577000
99A,4-Room,#08,7885,632,93,589200
99A,4-Room,#08,7903,634,93,589200
99A,4-Room,#08,7921,636,93,589200
99A,4-Room,#08,7939,638,93,589200
99A,4-Room,#07,7795,622,93,583100
99A,4-Room,#07,7813,624,93,583100
99A,4-Room,#07,7831,626,93,570900
99A,4-Room,#07,7848,628,93,558700
99A,4-Room,#07,7866,630,93,570900
99A,4-Room,#07,7884,632,93,583100
99A,4-Room,#07,7902,634,93,583100
99A,4-Room,#07,7920,636,93,583100
99A,4-Room,#07,7938,638,93,583100
99A,4-Room,#06,7794,622,93,577000
99A,4-Room,#06,7812,624,93,577000
99A,4-Room,#06,7830,626,93,564800
99A,4-Room,#06,7847,628,93,552600
99A,4-Room,#06,7865,630,93,564800
99A,4-Room,#06,7883,632,93,577000
99A,4-Room,#06,7901,634,93,577000
99A,4-Room,#06,7919,636,93,577000
99A,4-Room,#06,7937,638,93,577000
99A,4-Room,#05,7793,622,93,570900
99A,4-Room,#05,7811,624,93,570900
99A,4-Room,#05,7829,626,93,558700
99A,4-Room,#05,7846,628,93,546500
99A,4-Room,#05,7864,630,93,558700
99A,4-Room,#05,7882,632,93,570900
99A,4-Room,#05,7900,634,93,570900
99A,4-Room,#05,7918,636,93,570900
99A,4-Room,#05,7936,638,93,570900
99A,4-Room,#04,7792,622,93,555600
99A,4-Room,#04,7810,624,93,555600
99A,4-Room,#04,7828,626,93,549500
99A,4-Room,#04,7845,628,93,531200
99A,4-Room,#04,7863,630,93,543400
99A,4-Room,#04,7881,632,93,561700
99A,4-Room,#04,7899,634,93,555600
99A,4-Room,#04,7917,636,93,549500
99A,4-Room,#04,7935,638,93,555600
99A,4-Room,#03,7791,622,93,540300
99A,4-Room,#03,7809,624,93,540300
99A,4-Room,#03,7827,626,93,540300
99A,4-Room,#03,7844,628,93,515900
99A,4-Room,#03,7862,630,93,528100
99A,4-Room,#03,7880,632,93,552500
99A,4-Room,#03,7898,634,93,540300
99A,4-Room,#03,7916,636,93,528100
99A,4-Room,#03,7934,638,93,540300
99A,4-Room,#02,7790,622,93,531100
99A,4-Room,#02,7808,624,93,531100
99A,4-Room,#02,7826,626,93,531100
99A,4-Room,#02,7843,628,93,506700
99A,4-Room,#02,7861,630,93,518900
99A,4-Room,#02,7879,632,93,543300
99A,4-Room,#02,7897,634,93,531100
99A,4-Room,#02,7915,636,93,518900
99A,4-Room,#02,7933,638,93,531100
99B,4-Room,#19,7968,640,93,613200
99B,4-Room,#19,7986,642,93,613200
99B,4-Room,#19,8026,648,93,613200
99B,4-Room,#19,8044,650,93,613200
99B,4-Room,#19,8062,652,93,601000
99B,4-Room,#19,8080,654,93,613200
99B,4-Room,#19,8098,656,93,607100
99B,4-Room,#19,8116,658,93,613200
99B,4-Room,#18,7967,640,93,613200
99B,4-Room,#18,7985,642,93,613200
99B,4-Room,#18,8025,648,93,613200
99B,4-Room,#18,8043,650,93,613200
99B,4-Room,#18,8061,652,93,601000
99B,4-Room,#18,8079,654,93,613200
99B,4-Room,#18,8097,656,93,607100
99B,4-Room,#18,8115,658,93,613200
99B,4-Room,#17,7966,640,93,610800
99B,4-Room,#17,7984,642,93,610800
99B,4-Room,#17,8024,648,93,610800
99B,4-Room,#17,8042,650,93,610800
99B,4-Room,#17,8060,652,93,598600
99B,4-Room,#17,8078,654,93,610800
99B,4-Room,#17,8096,656,93,604700
99B,4-Room,#17,8114,658,93,610800
99B,4-Room,#16,7965,640,93,608400
99B,4-Room,#16,7983,642,93,608400
99B,4-Room,#16,8023,648,93,608400
99B,4-Room,#16,8041,650,93,608400
99B,4-Room,#16,8059,652,93,596200
99B,4-Room,#16,8077,654,93,608400
99B,4-Room,#16,8095,656,93,602300
99B,4-Room,#16,8113,658,93,608400
99B,4-Room,#15,7964,640,93,606000
99B,4-Room,#15,7982,642,93,606000
99B,4-Room,#15,7997,644,93,603600
99B,4-Room,#15,8008,646,93,603600
99B,4-Room,#15,8022,648,93,606000
99B,4-Room,#15,8040,650,93,606000
99B,4-Room,#15,8058,652,93,593800
99B,4-Room,#15,8076,654,93,606000
99B,4-Room,#15,8094,656,93,599900
99B,4-Room,#15,8112,658,93,606000
99B,4-Room,#14,7963,640,93,603600
99B,4-Room,#14,7981,642,93,603600
99B,4-Room,#14,7996,644,93,603600
99B,4-Room,#14,8007,646,93,603600
99B,4-Room,#14,8021,648,93,603600
99B,4-Room,#14,8039,650,93,603600
99B,4-Room,#14,8057,652,93,591400
99B,4-Room,#14,8075,654,93,603600
99B,4-Room,#14,8093,656,93,597500
99B,4-Room,#14,8111,658,93,603600
99B,4-Room,#13,7962,640,93,601200
99B,4-Room,#13,7980,642,93,601200
99B,4-Room,#13,7995,644,93,601200
99B,4-Room,#13,8006,646,93,601200
99B,4-Room,#13,8020,648,93,601200
99B,4-Room,#13,8038,650,93,601200
99B,4-Room,#13,8056,652,93,589000
99B,4-Room,#13,8074,654,93,601200
99B,4-Room,#13,8092,656,93,595100
99B,4-Room,#13,8110,658,93,601200
99B,4-Room,#12,7961,640,93,598800
99B,4-Room,#12,7979,642,93,598800
99B,4-Room,#12,7994,644,93,598800
99B,4-Room,#12,8005,646,93,598800
99B,4-Room,#12,8019,648,93,598800
99B,4-Room,#12,8037,650,93,598800
99B,4-Room,#12,8055,652,93,586600
99B,4-Room,#12,8073,654,93,598800
99B,4-Room,#12,8091,656,93,592700
99B,4-Room,#12,8109,658,93,598800
99B,4-Room,#11,7960,640,93,596400
99B,4-Room,#11,7978,642,93,596400
99B,4-Room,#11,7993,644,93,596400
99B,4-Room,#11,8004,646,93,596400
99B,4-Room,#11,8018,648,93,596400
99B,4-Room,#11,8036,650,93,596400
99B,4-Room,#11,8054,652,93,584200
99B,4-Room,#11,8072,654,93,596400
99B,4-Room,#11,8090,656,93,590300
99B,4-Room,#11,8108,658,93,596400
99B,4-Room,#10,7959,640,93,594000
99B,4-Room,#10,7977,642,93,594000
99B,4-Room,#10,7992,644,93,594000
99B,4-Room,#10,8003,646,93,594000
99B,4-Room,#10,8017,648,93,594000
99B,4-Room,#10,8035,650,93,594000
99B,4-Room,#10,8053,652,93,581800
99B,4-Room,#10,8071,654,93,594000
99B,4-Room,#10,8089,656,93,587900
99B,4-Room,#10,8107,658,93,594000
99B,4-Room,#09,7958,640,93,591600
99B,4-Room,#09,7976,642,93,591600
99B,4-Room,#09,7991,644,93,591600
99B,4-Room,#09,8002,646,93,591600
99B,4-Room,#09,8016,648,93,591600
99B,4-Room,#09,8034,650,93,591600
99B,4-Room,#09,8052,652,93,579400
99B,4-Room,#09,8070,654,93,591600
99B,4-Room,#09,8088,656,93,585500
99B,4-Room,#09,8106,658,93,591600
99B,4-Room,#08,7957,640,93,589200
99B,4-Room,#08,7975,642,93,589200
99B,4-Room,#08,7990,644,93,589200
99B,4-Room,#08,8001,646,93,589200
99B,4-Room,#08,8015,648,93,589200
99B,4-Room,#08,8033,650,93,589200
99B,4-Room,#08,8051,652,93,577000
99B,4-Room,#08,8069,654,93,589200
99B,4-Room,#08,8087,656,93,583100
99B,4-Room,#08,8105,658,93,589200
99B,4-Room,#07,7956,640,93,583100
99B,4-Room,#07,7974,642,93,583100
99B,4-Room,#07,7989,644,93,583100
99B,4-Room,#07,8000,646,93,583100
99B,4-Room,#07,8014,648,93,583100
99B,4-Room,#07,8032,650,93,583100
99B,4-Room,#07,8050,652,93,570900
99B,4-Room,#07,8068,654,93,583100
99B,4-Room,#07,8086,656,93,577000
99B,4-Room,#07,8104,658,93,583100
99B,4-Room,#06,7955,640,93,577000
99B,4-Room,#06,7973,642,93,577000
99B,4-Room,#06,7988,644,93,577000
99B,4-Room,#06,7999,646,93,577000
99B,4-Room,#06,8013,648,93,577000
99B,4-Room,#06,8031,650,93,577000
99B,4-Room,#06,8049,652,93,564800
99B,4-Room,#06,8067,654,93,577000
99B,4-Room,#06,8085,656,93,570900
99B,4-Room,#06,8103,658,93,577000
99B,4-Room,#05,7954,640,93,570900
99B,4-Room,#05,7972,642,93,570900
99B,4-Room,#05,7987,644,93,570900
99B,4-Room,#05,7998,646,93,570900
99B,4-Room,#05,8012,648,93,570900
99B,4-Room,#05,8030,650,93,570900
99B,4-Room,#05,8048,652,93,558700
99B,4-Room,#05,8066,654,93,570900
99B,4-Room,#05,8084,656,93,564800
99B,4-Room,#05,8102,658,93,570900
99B,4-Room,#04,7953,640,93,555600
99B,4-Room,#04,7971,642,93,549500
99B,4-Room,#04,8011,648,93,555600
99B,4-Room,#04,8029,650,93,555600
99B,4-Room,#04,8047,652,93,549500
99B,4-Room,#04,8065,654,93,561700
99B,4-Room,#04,8083,656,93,555600
99B,4-Room,#04,8101,658,93,555600
99B,4-Room,#03,7952,640,93,540300
99B,4-Room,#03,7970,642,93,528100
99B,4-Room,#03,8010,648,93,546400
99B,4-Room,#03,8028,650,93,540300
99B,4-Room,#03,8046,652,93,540300
99B,4-Room,#03,8064,654,93,552500
99B,4-Room,#03,8082,656,93,546400
99B,4-Room,#03,8100,658,93,540300
99B,4-Room,#02,7951,640,93,531100
99B,4-Room,#02,7969,642,93,518900
99B,4-Room,#02,8009,648,93,537200
99B,4-Room,#02,8027,650,93,531100
99B,4-Room,#02,8045,652,93,531100
99B,4-Room,#02,8063,654,93,543300
99B,4-Room,#02,8081,656,93,537200
99B,4-Room,#02,8099,658,93,531100
